"state","collection_date","positive","all_SGTF","sequenced_SGTF","B117"
"PR","2020-09-05",3,0,0,0
"VA","2020-09-05",3,0,0,0
"FL","2020-09-06",8,0,0,0
"CA","2020-09-07",8,0,0,0
"AL","2020-09-08",3,0,0,0
"CA","2020-09-08",74,0,0,0
"FL","2020-09-08",176,0,0,0
"IL","2020-09-08",4,0,0,0
"LA","2020-09-08",3,0,0,0
"MO","2020-09-08",3,0,0,0
"OH","2020-09-08",3,0,0,0
"SC","2020-09-08",3,0,0,0
"TX","2020-09-08",12,0,0,0
"CA","2020-09-09",71,0,0,0
"FL","2020-09-09",137,0,0,0
"GA","2020-09-09",3,0,0,0
"TX","2020-09-09",3,0,0,0
"CA","2020-09-10",63,0,0,0
"FL","2020-09-10",126,0,0,0
"GA","2020-09-10",3,0,0,0
"TX","2020-09-10",4,0,0,0
"CA","2020-09-11",63,0,0,0
"FL","2020-09-11",134,0,0,0
"TX","2020-09-11",6,0,0,0
"CA","2020-09-12",31,0,0,0
"FL","2020-09-12",140,0,0,0
"MN","2020-09-12",4,0,0,0
"NC","2020-09-12",3,0,0,0
"CA","2020-09-13",38,0,0,0
"FL","2020-09-13",120,0,0,0
"CA","2020-09-14",81,2,0,0
"FL","2020-09-14",161,0,0,0
"GA","2020-09-14",3,0,0,0
"AL","2020-09-15",3,0,0,0
"AZ","2020-09-15",3,0,0,0
"CA","2020-09-15",57,0,0,0
"FL","2020-09-15",137,0,0,0
"GA","2020-09-15",4,0,0,0
"IL","2020-09-15",6,0,0,0
"MN","2020-09-15",3,0,0,0
"MO","2020-09-15",4,0,0,0
"NC","2020-09-15",5,0,0,0
"SC","2020-09-15",3,0,0,0
"TX","2020-09-15",9,0,0,0
"VA","2020-09-15",5,0,0,0
"CA","2020-09-16",85,0,0,0
"FL","2020-09-16",129,0,0,0
"MN","2020-09-16",7,0,0,0
"CA","2020-09-17",63,1,0,0
"FL","2020-09-17",121,0,0,0
"GA","2020-09-17",7,0,0,0
"KY","2020-09-17",3,0,0,0
"LA","2020-09-17",3,0,0,0
"MN","2020-09-17",19,0,0,0
"TX","2020-09-17",3,0,0,0
"UT","2020-09-17",3,0,0,0
"AL","2020-09-18",3,0,0,0
"AZ","2020-09-18",14,0,0,0
"CA","2020-09-18",57,0,0,0
"FL","2020-09-18",114,0,0,0
"GA","2020-09-18",10,0,0,0
"MN","2020-09-18",16,0,0,0
"TX","2020-09-18",51,0,0,0
"WI","2020-09-18",3,0,0,0
"AZ","2020-09-19",12,0,0,0
"CA","2020-09-19",47,0,0,0
"FL","2020-09-19",133,0,0,0
"GA","2020-09-19",25,0,0,0
"IL","2020-09-19",4,0,0,0
"MN","2020-09-19",16,0,0,0
"NC","2020-09-19",3,0,0,0
"TX","2020-09-19",71,0,0,0
"WI","2020-09-19",3,0,0,0
"AZ","2020-09-20",10,0,0,0
"CA","2020-09-20",28,0,0,0
"FL","2020-09-20",130,0,0,0
"GA","2020-09-20",20,0,0,0
"IL","2020-09-20",4,0,0,0
"MN","2020-09-20",13,0,0,0
"TX","2020-09-20",63,0,0,0
"AZ","2020-09-21",17,0,0,0
"CA","2020-09-21",67,0,0,0
"FL","2020-09-21",149,1,0,0
"GA","2020-09-21",19,0,0,0
"LA","2020-09-21",3,0,0,0
"MN","2020-09-21",53,0,0,0
"TX","2020-09-21",94,0,0,0
"AZ","2020-09-22",22,0,0,0
"CA","2020-09-22",49,0,0,0
"FL","2020-09-22",111,0,0,0
"GA","2020-09-22",28,0,0,0
"IL","2020-09-22",5,0,0,0
"LA","2020-09-22",4,0,0,0
"MN","2020-09-22",29,0,0,0
"NC","2020-09-22",4,0,0,0
"TX","2020-09-22",99,0,0,0
"WI","2020-09-22",4,0,0,0
"AZ","2020-09-23",13,0,0,0
"CA","2020-09-23",61,0,0,0
"FL","2020-09-23",148,0,0,0
"GA","2020-09-23",19,0,0,0
"LA","2020-09-23",4,0,0,0
"MN","2020-09-23",54,0,0,0
"NJ","2020-09-23",3,0,0,0
"TX","2020-09-23",101,0,0,0
"WI","2020-09-23",5,0,0,0
"AZ","2020-09-24",30,0,0,0
"CA","2020-09-24",47,0,0,0
"FL","2020-09-24",114,0,0,0
"GA","2020-09-24",25,0,0,0
"MN","2020-09-24",42,0,0,0
"TN","2020-09-24",4,0,0,0
"TX","2020-09-24",104,0,0,0
"VA","2020-09-24",5,0,0,0
"WI","2020-09-24",4,0,0,0
"AZ","2020-09-25",13,0,0,0
"CA","2020-09-25",52,0,0,0
"FL","2020-09-25",103,0,0,0
"GA","2020-09-25",17,0,0,0
"MN","2020-09-25",18,0,0,0
"SC","2020-09-25",3,0,0,0
"TX","2020-09-25",114,0,0,0
"AZ","2020-09-26",22,0,0,0
"CA","2020-09-26",24,0,0,0
"FL","2020-09-26",109,0,0,0
"GA","2020-09-26",29,0,0,0
"MN","2020-09-26",14,0,0,0
"NV","2020-09-26",3,0,0,0
"TX","2020-09-26",101,0,0,0
"WI","2020-09-26",3,0,0,0
"AZ","2020-09-27",16,0,0,0
"CA","2020-09-27",32,1,0,0
"FL","2020-09-27",123,1,0,0
"GA","2020-09-27",13,0,0,0
"MN","2020-09-27",23,0,0,0
"TX","2020-09-27",97,0,0,0
"AZ","2020-09-28",29,0,0,0
"CA","2020-09-28",79,0,0,0
"FL","2020-09-28",133,0,0,0
"GA","2020-09-28",33,0,0,0
"MN","2020-09-28",45,0,0,0
"NC","2020-09-28",4,0,0,0
"OK","2020-09-28",3,0,0,0
"TX","2020-09-28",118,0,0,0
"WI","2020-09-28",9,0,0,0
"AZ","2020-09-29",24,0,0,0
"CA","2020-09-29",59,1,0,0
"CO","2020-09-29",4,0,0,0
"FL","2020-09-29",103,0,0,0
"GA","2020-09-29",31,0,0,0
"IN","2020-09-29",4,0,0,0
"LA","2020-09-29",5,0,0,0
"MN","2020-09-29",36,0,0,0
"SC","2020-09-29",4,0,0,0
"TX","2020-09-29",112,0,0,0
"AZ","2020-09-30",27,0,0,0
"CA","2020-09-30",50,0,0,0
"FL","2020-09-30",99,0,0,0
"GA","2020-09-30",24,0,0,0
"MN","2020-09-30",45,0,0,0
"TX","2020-09-30",97,0,0,0
"WI","2020-09-30",4,0,0,0
"AZ","2020-10-01",28,0,0,0
"CA","2020-10-01",51,0,0,0
"DE","2020-10-01",3,0,0,0
"FL","2020-10-01",120,0,0,0
"GA","2020-10-01",26,0,0,0
"KY","2020-10-01",3,0,0,0
"LA","2020-10-01",3,0,0,0
"MN","2020-10-01",34,0,0,0
"SC","2020-10-01",3,0,0,0
"TX","2020-10-01",106,0,0,0
"WI","2020-10-01",3,0,0,0
"AZ","2020-10-02",24,0,0,0
"CA","2020-10-02",65,0,0,0
"FL","2020-10-02",121,0,0,0
"GA","2020-10-02",25,0,0,0
"IL","2020-10-02",4,0,0,0
"MN","2020-10-02",44,0,0,0
"TX","2020-10-02",86,0,0,0
"AZ","2020-10-03",47,0,0,0
"CA","2020-10-03",42,0,0,0
"FL","2020-10-03",166,0,0,0
"GA","2020-10-03",22,0,0,0
"MN","2020-10-03",4,0,0,0
"NM","2020-10-03",3,0,0,0
"TX","2020-10-03",135,0,0,0
"AZ","2020-10-04",22,0,0,0
"CA","2020-10-04",49,0,0,0
"FL","2020-10-04",154,0,0,0
"GA","2020-10-04",23,0,0,0
"MN","2020-10-04",23,0,0,0
"TX","2020-10-04",91,0,0,0
"AZ","2020-10-05",31,0,0,0
"CA","2020-10-05",82,0,0,0
"FL","2020-10-05",184,0,0,0
"GA","2020-10-05",30,0,0,0
"MN","2020-10-05",51,0,0,0
"NJ","2020-10-05",3,0,0,0
"TX","2020-10-05",153,0,0,0
"AZ","2020-10-06",27,0,0,0
"CA","2020-10-06",72,2,0,0
"FL","2020-10-06",180,1,0,0
"GA","2020-10-06",22,0,0,0
"IL","2020-10-06",5,0,0,0
"IN","2020-10-06",4,0,0,0
"KY","2020-10-06",3,0,0,0
"MN","2020-10-06",42,1,0,0
"NC","2020-10-06",6,0,0,0
"OH","2020-10-06",4,0,0,0
"OK","2020-10-06",3,0,0,0
"SC","2020-10-06",5,0,0,0
"TX","2020-10-06",136,1,0,0
"WI","2020-10-06",4,0,0,0
"AZ","2020-10-07",31,0,0,0
"CA","2020-10-07",74,0,0,0
"FL","2020-10-07",195,0,0,0
"GA","2020-10-07",16,0,0,0
"MN","2020-10-07",67,0,0,0
"OH","2020-10-07",3,0,0,0
"TX","2020-10-07",153,0,0,0
"WI","2020-10-07",3,0,0,0
"AZ","2020-10-08",27,0,0,0
"CA","2020-10-08",79,0,0,0
"FL","2020-10-08",236,0,0,0
"GA","2020-10-08",11,0,0,0
"IL","2020-10-08",3,0,0,0
"IN","2020-10-08",5,0,0,0
"LA","2020-10-08",3,0,0,0
"MN","2020-10-08",38,0,0,0
"NC","2020-10-08",5,0,0,0
"OH","2020-10-08",3,0,0,0
"TX","2020-10-08",146,0,0,0
"WI","2020-10-08",6,0,0,0
"AZ","2020-10-09",22,0,0,0
"CA","2020-10-09",72,1,0,0
"FL","2020-10-09",165,0,0,0
"GA","2020-10-09",40,0,0,0
"IL","2020-10-09",3,0,0,0
"MA","2020-10-09",4,1,0,0
"MN","2020-10-09",39,0,0,0
"NC","2020-10-09",7,0,0,0
"NJ","2020-10-09",3,0,0,0
"PA","2020-10-09",5,0,0,0
"TX","2020-10-09",115,0,0,0
"WI","2020-10-09",8,0,0,0
"AZ","2020-10-10",28,0,0,0
"CA","2020-10-10",61,1,0,0
"FL","2020-10-10",170,0,0,0
"GA","2020-10-10",48,0,0,0
"MA","2020-10-10",10,0,0,0
"MN","2020-10-10",20,0,0,0
"NC","2020-10-10",12,0,0,0
"OH","2020-10-10",3,0,0,0
"PA","2020-10-10",7,0,0,0
"TX","2020-10-10",130,0,0,0
"AZ","2020-10-11",16,0,0,0
"CA","2020-10-11",58,0,0,0
"FL","2020-10-11",152,0,0,0
"GA","2020-10-11",35,0,0,0
"MA","2020-10-11",11,0,0,0
"MN","2020-10-11",19,1,0,0
"NC","2020-10-11",10,0,0,0
"PA","2020-10-11",6,0,0,0
"TX","2020-10-11",104,0,0,0
"AZ","2020-10-12",34,1,0,0
"CA","2020-10-12",142,3,0,0
"FL","2020-10-12",229,0,0,0
"GA","2020-10-12",34,0,0,0
"MA","2020-10-12",10,0,0,0
"MN","2020-10-12",67,1,0,0
"NC","2020-10-12",37,0,0,0
"NJ","2020-10-12",3,0,0,0
"PA","2020-10-12",13,0,0,0
"TN","2020-10-12",4,0,0,0
"TX","2020-10-12",116,0,0,0
"AZ","2020-10-13",23,0,0,0
"CA","2020-10-13",107,0,0,0
"FL","2020-10-13",266,0,0,0
"GA","2020-10-13",67,0,0,0
"IL","2020-10-13",7,0,0,0
"IN","2020-10-13",7,0,0,0
"LA","2020-10-13",10,0,0,0
"MA","2020-10-13",15,0,0,0
"MN","2020-10-13",51,0,0,0
"MO","2020-10-13",3,0,0,0
"NC","2020-10-13",32,0,0,0
"NY","2020-10-13",3,0,0,0
"OH","2020-10-13",4,0,0,0
"PA","2020-10-13",30,0,0,0
"SC","2020-10-13",4,0,0,0
"TN","2020-10-13",5,0,0,0
"TX","2020-10-13",141,0,0,0
"AZ","2020-10-14",21,0,0,0
"CA","2020-10-14",79,2,0,0
"FL","2020-10-14",302,1,0,0
"GA","2020-10-14",43,0,0,0
"LA","2020-10-14",4,0,0,0
"MA","2020-10-14",17,3,0,0
"MN","2020-10-14",102,0,0,0
"NC","2020-10-14",33,0,0,0
"NJ","2020-10-14",3,0,0,0
"PA","2020-10-14",27,0,0,0
"TX","2020-10-14",140,0,0,0
"WI","2020-10-14",5,0,0,0
"AL","2020-10-15",3,0,0,0
"AZ","2020-10-15",33,0,0,0
"CA","2020-10-15",115,0,0,0
"FL","2020-10-15",305,2,0,0
"GA","2020-10-15",66,0,0,0
"IL","2020-10-15",5,0,0,0
"IN","2020-10-15",6,0,0,0
"KY","2020-10-15",4,0,0,0
"LA","2020-10-15",8,0,0,0
"MA","2020-10-15",19,1,0,0
"MN","2020-10-15",72,1,0,0
"NC","2020-10-15",47,0,0,0
"NV","2020-10-15",3,0,0,0
"OH","2020-10-15",3,0,0,0
"PA","2020-10-15",21,0,0,0
"SC","2020-10-15",7,0,0,0
"TN","2020-10-15",4,0,0,0
"TX","2020-10-15",116,1,0,0
"WI","2020-10-15",10,0,0,0
"AL","2020-10-16",3,0,0,0
"AZ","2020-10-16",37,0,0,0
"CA","2020-10-16",91,0,0,0
"FL","2020-10-16",288,0,0,0
"GA","2020-10-16",51,0,0,0
"MA","2020-10-16",13,1,0,0
"MN","2020-10-16",43,0,0,0
"NC","2020-10-16",32,0,0,0
"PA","2020-10-16",21,0,0,0
"RI","2020-10-16",5,1,0,0
"TX","2020-10-16",110,0,0,0
"WI","2020-10-16",3,0,0,0
"AZ","2020-10-17",38,0,0,0
"CA","2020-10-17",80,2,0,0
"FL","2020-10-17",249,0,0,0
"GA","2020-10-17",69,0,0,0
"IL","2020-10-17",8,0,0,0
"LA","2020-10-17",9,0,0,0
"MA","2020-10-17",21,0,0,0
"MN","2020-10-17",15,0,0,0
"NC","2020-10-17",37,0,0,0
"NJ","2020-10-17",4,0,0,0
"PA","2020-10-17",27,0,0,0
"RI","2020-10-17",4,1,0,0
"TX","2020-10-17",119,0,0,0
"WI","2020-10-17",5,0,0,0
"AZ","2020-10-18",22,0,0,0
"CA","2020-10-18",106,0,0,0
"FL","2020-10-18",196,0,0,0
"GA","2020-10-18",45,0,0,0
"MA","2020-10-18",16,0,0,0
"MN","2020-10-18",24,0,0,0
"NC","2020-10-18",23,0,0,0
"PA","2020-10-18",28,0,0,0
"RI","2020-10-18",5,0,0,0
"TX","2020-10-18",89,0,0,0
"AZ","2020-10-19",34,0,0,0
"CA","2020-10-19",138,0,0,0
"FL","2020-10-19",308,0,0,0
"GA","2020-10-19",62,0,0,0
"MA","2020-10-19",31,1,0,0
"MN","2020-10-19",78,0,0,0
"NC","2020-10-19",33,0,0,0
"NM","2020-10-19",3,0,0,0
"PA","2020-10-19",23,0,0,0
"RI","2020-10-19",3,1,0,0
"TX","2020-10-19",135,0,0,0
"WI","2020-10-19",5,0,0,0
"AL","2020-10-20",3,0,0,0
"AZ","2020-10-20",38,0,0,0
"CA","2020-10-20",123,0,0,0
"FL","2020-10-20",334,2,0,0
"GA","2020-10-20",49,0,0,0
"IL","2020-10-20",8,0,0,0
"IN","2020-10-20",6,0,0,0
"KY","2020-10-20",3,0,0,0
"LA","2020-10-20",5,0,0,0
"MA","2020-10-20",22,0,0,0
"MN","2020-10-20",71,0,0,0
"NC","2020-10-20",37,0,0,0
"OH","2020-10-20",4,0,0,0
"PA","2020-10-20",22,0,0,0
"SC","2020-10-20",7,0,0,0
"TX","2020-10-20",135,0,0,0
"WI","2020-10-20",3,0,0,0
"AL","2020-10-21",3,0,0,0
"AZ","2020-10-21",42,0,0,0
"CA","2020-10-21",108,1,0,0
"FL","2020-10-21",378,0,0,0
"GA","2020-10-21",75,0,0,0
"ID","2020-10-21",3,0,0,0
"IL","2020-10-21",5,0,0,0
"MA","2020-10-21",31,0,0,0
"MN","2020-10-21",130,0,0,0
"NC","2020-10-21",41,0,0,0
"NJ","2020-10-21",5,0,0,0
"PA","2020-10-21",28,0,0,0
"RI","2020-10-21",7,1,0,0
"TX","2020-10-21",154,0,0,0
"WI","2020-10-21",11,0,0,0
"AL","2020-10-22",4,0,0,0
"AZ","2020-10-22",45,0,0,0
"CA","2020-10-22",141,1,0,0
"CO","2020-10-22",3,0,0,0
"FL","2020-10-22",379,0,0,0
"GA","2020-10-22",60,0,0,0
"IL","2020-10-22",3,0,0,0
"IN","2020-10-22",4,0,0,0
"KY","2020-10-22",3,0,0,0
"LA","2020-10-22",3,0,0,0
"MA","2020-10-22",40,0,0,0
"MN","2020-10-22",87,0,0,0
"NC","2020-10-22",37,0,0,0
"OH","2020-10-22",5,0,0,0
"PA","2020-10-22",30,0,0,0
"RI","2020-10-22",4,0,0,0
"SC","2020-10-22",3,0,0,0
"TX","2020-10-22",144,0,0,0
"WI","2020-10-22",5,0,0,0
"AL","2020-10-23",3,0,0,0
"AZ","2020-10-23",49,0,0,0
"CA","2020-10-23",133,0,0,0
"FL","2020-10-23",303,0,0,0
"GA","2020-10-23",86,0,0,0
"IL","2020-10-23",6,0,0,0
"IN","2020-10-23",60,0,0,0
"LA","2020-10-23",11,0,0,0
"MA","2020-10-23",37,1,0,0
"MI","2020-10-23",44,0,0,0
"MN","2020-10-23",83,0,0,0
"NC","2020-10-23",102,0,0,0
"NY","2020-10-23",5,0,0,0
"OH","2020-10-23",3,0,0,0
"PA","2020-10-23",42,0,0,0
"TX","2020-10-23",111,0,0,0
"WI","2020-10-23",4,0,0,0
"AL","2020-10-24",3,0,0,0
"AZ","2020-10-24",47,0,0,0
"CA","2020-10-24",92,0,0,0
"FL","2020-10-24",305,0,0,0
"GA","2020-10-24",88,0,0,0
"IL","2020-10-24",6,0,0,0
"IN","2020-10-24",116,0,0,0
"LA","2020-10-24",12,0,0,0
"MA","2020-10-24",36,1,0,0
"MD","2020-10-24",3,0,0,0
"MI","2020-10-24",49,0,0,0
"MN","2020-10-24",19,0,0,0
"NC","2020-10-24",94,0,0,0
"PA","2020-10-24",37,0,0,0
"TX","2020-10-24",134,0,0,0
"WI","2020-10-24",4,0,0,0
"AZ","2020-10-25",34,0,0,0
"CA","2020-10-25",101,0,0,0
"FL","2020-10-25",298,0,0,0
"GA","2020-10-25",73,0,0,0
"IL","2020-10-25",10,0,0,0
"IN","2020-10-25",115,0,0,0
"LA","2020-10-25",5,0,0,0
"MA","2020-10-25",17,0,0,0
"MI","2020-10-25",68,0,0,0
"MN","2020-10-25",41,0,0,0
"MO","2020-10-25",3,0,0,0
"NC","2020-10-25",73,0,0,0
"OH","2020-10-25",3,0,0,0
"PA","2020-10-25",24,0,0,0
"TX","2020-10-25",99,0,0,0
"AL","2020-10-26",3,0,0,0
"AZ","2020-10-26",40,0,0,0
"CA","2020-10-26",151,0,0,0
"FL","2020-10-26",375,0,0,0
"GA","2020-10-26",94,0,0,0
"IL","2020-10-26",8,0,0,0
"IN","2020-10-26",154,0,0,0
"LA","2020-10-26",6,0,0,0
"MA","2020-10-26",24,1,0,0
"MI","2020-10-26",66,0,0,0
"MN","2020-10-26",163,0,0,0
"NC","2020-10-26",111,0,0,0
"NV","2020-10-26",3,0,0,0
"PA","2020-10-26",48,0,0,0
"RI","2020-10-26",3,0,0,0
"SC","2020-10-26",6,0,0,0
"TX","2020-10-26",149,0,0,0
"WI","2020-10-26",14,0,0,0
"AL","2020-10-27",3,0,0,0
"AZ","2020-10-27",57,1,0,0
"CA","2020-10-27",146,0,0,0
"FL","2020-10-27",401,1,0,0
"GA","2020-10-27",115,0,0,0
"IL","2020-10-27",17,0,0,0
"IN","2020-10-27",117,0,0,0
"KY","2020-10-27",5,0,0,0
"LA","2020-10-27",6,0,0,0
"MA","2020-10-27",23,0,0,0
"MI","2020-10-27",91,0,0,0
"MN","2020-10-27",87,1,0,0
"NC","2020-10-27",92,0,0,0
"OH","2020-10-27",3,0,0,0
"PA","2020-10-27",34,0,0,0
"SC","2020-10-27",4,0,0,0
"TN","2020-10-27",5,0,0,0
"TX","2020-10-27",108,0,0,0
"WI","2020-10-27",7,0,0,0
"AL","2020-10-28",6,0,0,0
"AZ","2020-10-28",54,0,0,0
"CA","2020-10-28",124,0,0,0
"FL","2020-10-28",391,0,0,0
"GA","2020-10-28",91,0,0,0
"IL","2020-10-28",8,0,0,0
"IN","2020-10-28",146,0,0,0
"LA","2020-10-28",8,0,0,0
"MA","2020-10-28",21,1,0,0
"MI","2020-10-28",102,0,0,0
"MN","2020-10-28",140,0,0,0
"MS","2020-10-28",3,0,0,0
"NC","2020-10-28",107,0,0,0
"OH","2020-10-28",5,0,0,0
"PA","2020-10-28",36,0,0,0
"TX","2020-10-28",102,0,0,0
"WI","2020-10-28",11,0,0,0
"AL","2020-10-29",3,0,0,0
"AZ","2020-10-29",56,0,0,0
"CA","2020-10-29",115,0,0,0
"FL","2020-10-29",455,0,0,0
"GA","2020-10-29",105,0,0,0
"IL","2020-10-29",23,0,0,0
"IN","2020-10-29",196,0,0,0
"KY","2020-10-29",12,0,0,0
"LA","2020-10-29",6,0,0,0
"MA","2020-10-29",22,2,0,0
"MI","2020-10-29",113,0,0,0
"MN","2020-10-29",111,0,0,0
"NC","2020-10-29",108,0,0,0
"NJ","2020-10-29",3,0,0,0
"OH","2020-10-29",10,0,0,0
"PA","2020-10-29",33,0,0,0
"SC","2020-10-29",3,0,0,0
"TN","2020-10-29",6,0,0,0
"TX","2020-10-29",104,0,0,0
"WI","2020-10-29",14,0,0,0
"AL","2020-10-30",3,0,0,0
"AZ","2020-10-30",57,0,0,0
"CA","2020-10-30",129,0,0,0
"FL","2020-10-30",381,1,0,0
"GA","2020-10-30",99,0,0,0
"IL","2020-10-30",15,0,0,0
"IN","2020-10-30",166,0,0,0
"LA","2020-10-30",5,0,0,0
"MA","2020-10-30",36,1,0,0
"MI","2020-10-30",128,0,0,0
"MN","2020-10-30",92,0,0,0
"NC","2020-10-30",80,0,0,0
"NV","2020-10-30",5,0,0,0
"NY","2020-10-30",3,0,0,0
"OH","2020-10-30",4,0,0,0
"PA","2020-10-30",54,0,0,0
"SC","2020-10-30",4,0,0,0
"TX","2020-10-30",77,0,0,0
"WI","2020-10-30",3,0,0,0
"AZ","2020-10-31",67,0,0,0
"CA","2020-10-31",129,0,0,0
"FL","2020-10-31",328,2,0,0
"GA","2020-10-31",102,0,0,0
"IL","2020-10-31",14,0,0,0
"IN","2020-10-31",194,0,0,0
"LA","2020-10-31",8,0,0,0
"MA","2020-10-31",43,0,0,0
"MI","2020-10-31",133,0,0,0
"MN","2020-10-31",23,0,0,0
"NC","2020-10-31",98,0,0,0
"NV","2020-10-31",3,0,0,0
"OH","2020-10-31",7,0,0,0
"PA","2020-10-31",45,0,0,0
"RI","2020-10-31",5,1,0,0
"SC","2020-10-31",6,0,0,0
"TN","2020-10-31",3,0,0,0
"TX","2020-10-31",97,0,0,0
"WI","2020-10-31",7,0,0,0
"AZ","2020-11-01",42,0,0,0
"CA","2020-11-01",127,0,0,0
"FL","2020-11-01",247,1,0,0
"GA","2020-11-01",88,0,0,0
"IL","2020-11-01",6,0,0,0
"IN","2020-11-01",171,0,0,0
"LA","2020-11-01",6,0,0,0
"MA","2020-11-01",28,2,0,0
"MI","2020-11-01",116,0,0,0
"MN","2020-11-01",51,0,0,0
"NC","2020-11-01",72,0,0,0
"NJ","2020-11-01",3,0,0,0
"PA","2020-11-01",31,0,0,0
"TX","2020-11-01",114,0,0,0
"AL","2020-11-02",6,0,0,0
"AR","2020-11-02",3,0,0,0
"AZ","2020-11-02",55,0,0,0
"CA","2020-11-02",208,0,0,0
"FL","2020-11-02",393,2,0,0
"GA","2020-11-02",122,0,0,0
"IL","2020-11-02",9,0,0,0
"IN","2020-11-02",269,0,0,0
"LA","2020-11-02",10,0,0,0
"MA","2020-11-02",28,1,0,0
"MI","2020-11-02",145,0,0,0
"MN","2020-11-02",156,0,0,0
"NC","2020-11-02",112,0,0,0
"NJ","2020-11-02",3,0,0,0
"NY","2020-11-02",4,0,0,0
"OH","2020-11-02",6,0,0,0
"PA","2020-11-02",42,0,0,0
"TN","2020-11-02",4,0,0,0
"TX","2020-11-02",127,0,0,0
"WI","2020-11-02",13,0,0,0
"AZ","2020-11-03",62,0,0,0
"CA","2020-11-03",198,0,0,0
"CO","2020-11-03",4,0,0,0
"DE","2020-11-03",4,0,0,0
"FL","2020-11-03",404,3,0,0
"GA","2020-11-03",100,0,0,0
"HI","2020-11-03",3,0,0,0
"IL","2020-11-03",26,0,0,0
"IN","2020-11-03",251,1,0,0
"KY","2020-11-03",9,0,0,0
"LA","2020-11-03",11,0,0,0
"MA","2020-11-03",23,0,0,0
"MI","2020-11-03",151,0,0,0
"MN","2020-11-03",188,0,0,0
"MO","2020-11-03",7,0,0,0
"NC","2020-11-03",110,0,0,0
"NJ","2020-11-03",6,0,0,0
"OH","2020-11-03",8,0,0,0
"OK","2020-11-03",6,0,0,0
"PA","2020-11-03",39,0,0,0
"RI","2020-11-03",4,0,0,0
"SC","2020-11-03",3,0,0,0
"TN","2020-11-03",5,0,0,0
"TX","2020-11-03",167,0,0,0
"WA","2020-11-03",4,0,0,0
"WI","2020-11-03",18,0,0,0
"AR","2020-11-04",3,0,0,0
"AZ","2020-11-04",67,0,0,0
"CA","2020-11-04",194,0,0,0
"FL","2020-11-04",475,4,0,0
"GA","2020-11-04",116,0,0,0
"IA","2020-11-04",3,0,0,0
"IL","2020-11-04",14,0,0,0
"IN","2020-11-04",338,0,0,0
"KY","2020-11-04",4,0,0,0
"LA","2020-11-04",6,0,0,0
"MA","2020-11-04",30,1,0,0
"MI","2020-11-04",177,0,0,0
"MN","2020-11-04",222,0,0,0
"NC","2020-11-04",122,0,0,0
"NJ","2020-11-04",8,0,0,0
"OH","2020-11-04",12,0,0,0
"PA","2020-11-04",44,0,0,0
"RI","2020-11-04",4,0,0,0
"SC","2020-11-04",3,0,0,0
"TN","2020-11-04",5,0,0,0
"TX","2020-11-04",198,0,0,0
"WI","2020-11-04",15,0,0,0
"AL","2020-11-05",5,0,0,0
"AZ","2020-11-05",71,0,0,0
"CA","2020-11-05",237,2,0,0
"CO","2020-11-05",3,0,0,0
"FL","2020-11-05",531,2,0,0
"GA","2020-11-05",129,1,0,0
"IL","2020-11-05",22,0,0,0
"IN","2020-11-05",372,0,0,0
"KY","2020-11-05",11,0,0,0
"LA","2020-11-05",16,0,0,0
"MA","2020-11-05",37,2,0,0
"MI","2020-11-05",216,0,0,0
"MN","2020-11-05",289,0,0,0
"MO","2020-11-05",4,0,0,0
"NC","2020-11-05",123,0,0,0
"NJ","2020-11-05",6,0,0,0
"NM","2020-11-05",3,0,0,0
"OH","2020-11-05",13,0,0,0
"PA","2020-11-05",58,0,0,0
"RI","2020-11-05",8,1,0,0
"TN","2020-11-05",3,0,0,0
"TX","2020-11-05",217,0,0,0
"UT","2020-11-05",3,0,0,0
"WI","2020-11-05",18,0,0,0
"AL","2020-11-06",3,0,0,0
"AZ","2020-11-06",52,0,0,0
"CA","2020-11-06",195,0,0,0
"FL","2020-11-06",405,3,0,0
"GA","2020-11-06",106,0,0,0
"IL","2020-11-06",12,0,0,0
"IN","2020-11-06",360,0,0,0
"KY","2020-11-06",3,0,0,0
"LA","2020-11-06",12,0,0,0
"MA","2020-11-06",60,1,0,0
"MI","2020-11-06",231,0,0,0
"MN","2020-11-06",302,0,0,0
"NC","2020-11-06",89,0,0,0
"NJ","2020-11-06",10,0,0,0
"NY","2020-11-06",3,0,0,0
"OH","2020-11-06",10,0,0,0
"PA","2020-11-06",164,0,0,0
"RI","2020-11-06",3,0,0,0
"SC","2020-11-06",7,0,0,0
"TX","2020-11-06",188,0,0,0
"WI","2020-11-06",14,0,0,0
"AZ","2020-11-07",53,0,0,0
"CA","2020-11-07",101,0,0,0
"FL","2020-11-07",491,4,0,0
"GA","2020-11-07",149,0,0,0
"IL","2020-11-07",21,0,0,0
"IN","2020-11-07",325,0,0,0
"KY","2020-11-07",8,0,0,0
"LA","2020-11-07",12,0,0,0
"MA","2020-11-07",49,1,0,0
"MD","2020-11-07",4,0,0,0
"MI","2020-11-07",227,0,0,0
"MN","2020-11-07",94,0,0,0
"NC","2020-11-07",146,0,0,0
"NJ","2020-11-07",11,0,0,0
"NY","2020-11-07",4,0,0,0
"OH","2020-11-07",13,0,0,0
"PA","2020-11-07",211,1,0,0
"RI","2020-11-07",6,1,0,0
"SC","2020-11-07",6,0,0,0
"TX","2020-11-07",204,0,0,0
"WI","2020-11-07",7,0,0,0
"AZ","2020-11-08",43,0,0,0
"CA","2020-11-08",124,0,0,0
"FL","2020-11-08",451,4,0,0
"GA","2020-11-08",138,0,0,0
"IL","2020-11-08",8,0,0,0
"IN","2020-11-08",302,0,0,0
"LA","2020-11-08",10,0,0,0
"MA","2020-11-08",40,0,0,0
"MI","2020-11-08",211,0,0,0
"MN","2020-11-08",73,0,0,0
"NC","2020-11-08",124,0,0,0
"NJ","2020-11-08",5,0,0,0
"OH","2020-11-08",11,0,0,0
"PA","2020-11-08",188,0,0,0
"RI","2020-11-08",4,1,0,0
"TX","2020-11-08",241,0,0,0
"AZ","2020-11-09",74,0,0,0
"CA","2020-11-09",321,0,0,0
"FL","2020-11-09",602,4,0,0
"GA","2020-11-09",215,0,0,0
"IL","2020-11-09",17,0,0,0
"IN","2020-11-09",457,0,0,0
"KY","2020-11-09",5,0,0,0
"LA","2020-11-09",11,0,0,0
"MA","2020-11-09",51,0,0,0
"MI","2020-11-09",267,0,0,0
"MN","2020-11-09",168,0,0,0
"NC","2020-11-09",159,0,0,0
"NJ","2020-11-09",5,0,0,0
"OH","2020-11-09",22,0,0,0
"OK","2020-11-09",4,0,0,0
"PA","2020-11-09",251,0,0,0
"RI","2020-11-09",9,1,0,0
"SC","2020-11-09",3,0,0,0
"TN","2020-11-09",4,0,0,0
"TX","2020-11-09",294,0,0,0
"WI","2020-11-09",12,0,0,0
"AL","2020-11-10",4,0,0,0
"AZ","2020-11-10",58,0,0,0
"CA","2020-11-10",273,0,0,0
"CO","2020-11-10",6,0,0,0
"FL","2020-11-10",582,8,0,0
"GA","2020-11-10",186,0,0,0
"IL","2020-11-10",44,0,0,0
"IN","2020-11-10",445,0,0,0
"KY","2020-11-10",12,0,0,0
"LA","2020-11-10",31,0,0,0
"MA","2020-11-10",62,3,0,0
"MD","2020-11-10",3,0,0,0
"MI","2020-11-10",216,0,0,0
"MN","2020-11-10",183,0,0,0
"MO","2020-11-10",5,0,0,0
"MS","2020-11-10",6,0,0,0
"NC","2020-11-10",138,0,0,0
"NJ","2020-11-10",11,0,0,0
"NM","2020-11-10",5,0,0,0
"NV","2020-11-10",6,0,0,0
"NY","2020-11-10",3,0,0,0
"OH","2020-11-10",26,0,0,0
"OK","2020-11-10",4,0,0,0
"PA","2020-11-10",229,0,0,0
"RI","2020-11-10",4,0,0,0
"SC","2020-11-10",4,0,0,0
"TN","2020-11-10",10,0,0,0
"TX","2020-11-10",233,0,0,0
"VA","2020-11-10",4,0,0,0
"WI","2020-11-10",16,0,0,0
"AL","2020-11-11",3,0,0,0
"AZ","2020-11-11",42,0,0,0
"CA","2020-11-11",261,0,0,0
"FL","2020-11-11",481,9,0,0
"GA","2020-11-11",153,0,0,0
"IL","2020-11-11",13,0,0,0
"IN","2020-11-11",306,0,0,0
"KY","2020-11-11",4,0,0,0
"LA","2020-11-11",13,0,0,0
"MA","2020-11-11",33,1,0,0
"MD","2020-11-11",4,0,0,0
"MI","2020-11-11",171,0,0,0
"MN","2020-11-11",220,0,0,0
"MO","2020-11-11",3,0,0,0
"NC","2020-11-11",94,0,0,0
"NH","2020-11-11",3,0,0,0
"NJ","2020-11-11",7,0,0,0
"NV","2020-11-11",5,0,0,0
"OH","2020-11-11",17,0,0,0
"PA","2020-11-11",129,0,0,0
"RI","2020-11-11",8,2,0,0
"TN","2020-11-11",6,0,0,0
"TX","2020-11-11",164,0,0,0
"VA","2020-11-11",5,0,0,0
"WI","2020-11-11",14,0,0,0
"AL","2020-11-12",8,0,0,0
"AZ","2020-11-12",46,0,0,0
"CA","2020-11-12",305,0,0,0
"CT","2020-11-12",3,0,0,0
"FL","2020-11-12",511,8,0,0
"GA","2020-11-12",173,0,0,0
"IA","2020-11-12",4,0,0,0
"IL","2020-11-12",25,0,0,0
"IN","2020-11-12",354,0,0,0
"KY","2020-11-12",16,0,0,0
"LA","2020-11-12",28,0,0,0
"MA","2020-11-12",52,0,0,0
"MD","2020-11-12",5,0,0,0
"MI","2020-11-12",187,0,0,0
"MN","2020-11-12",241,0,0,0
"MO","2020-11-12",6,0,0,0
"NC","2020-11-12",162,0,0,0
"NJ","2020-11-12",9,0,0,0
"NM","2020-11-12",3,0,0,0
"NY","2020-11-12",7,0,0,0
"OH","2020-11-12",23,0,0,0
"PA","2020-11-12",226,0,0,0
"RI","2020-11-12",6,0,0,0
"SC","2020-11-12",6,0,0,0
"TN","2020-11-12",10,0,0,0
"TX","2020-11-12",171,0,0,0
"UT","2020-11-12",4,0,0,0
"WI","2020-11-12",24,0,0,0
"AL","2020-11-13",4,1,0,0
"AZ","2020-11-13",51,0,0,0
"CA","2020-11-13",272,0,0,0
"FL","2020-11-13",617,4,0,0
"GA","2020-11-13",180,0,0,0
"IL","2020-11-13",11,0,0,0
"IN","2020-11-13",384,0,0,0
"KY","2020-11-13",5,0,0,0
"LA","2020-11-13",21,0,0,0
"MA","2020-11-13",61,1,0,0
"MD","2020-11-13",4,0,0,0
"MI","2020-11-13",182,0,0,0
"MN","2020-11-13",258,0,0,0
"NC","2020-11-13",185,0,0,0
"NJ","2020-11-13",12,0,0,0
"NY","2020-11-13",4,0,0,0
"OH","2020-11-13",19,0,0,0
"PA","2020-11-13",259,0,0,0
"RI","2020-11-13",5,0,0,0
"SC","2020-11-13",5,0,0,0
"TX","2020-11-13",208,0,0,0
"WI","2020-11-13",9,0,0,0
"AL","2020-11-14",3,0,0,0
"AZ","2020-11-14",44,0,0,0
"CA","2020-11-14",225,0,0,0
"FL","2020-11-14",572,9,0,0
"GA","2020-11-14",174,0,0,0
"IL","2020-11-14",22,0,0,0
"IN","2020-11-14",343,0,0,0
"LA","2020-11-14",17,0,0,0
"MA","2020-11-14",49,4,0,0
"MI","2020-11-14",178,0,0,0
"MN","2020-11-14",65,0,0,0
"NC","2020-11-14",153,0,0,0
"NE","2020-11-14",5,0,0,0
"NJ","2020-11-14",8,0,0,0
"NY","2020-11-14",10,0,0,0
"OH","2020-11-14",17,0,0,0
"PA","2020-11-14",245,0,0,0
"RI","2020-11-14",6,0,0,0
"TN","2020-11-14",3,0,0,0
"TX","2020-11-14",191,0,0,0
"UT","2020-11-14",3,0,0,0
"AZ","2020-11-15",32,0,0,0
"CA","2020-11-15",266,0,0,0
"FL","2020-11-15",448,4,0,0
"GA","2020-11-15",178,0,0,0
"IL","2020-11-15",5,0,0,0
"IN","2020-11-15",265,0,0,0
"KY","2020-11-15",3,0,0,0
"LA","2020-11-15",20,0,0,0
"MA","2020-11-15",33,3,0,0
"MI","2020-11-15",167,0,0,0
"MN","2020-11-15",56,0,0,0
"NC","2020-11-15",138,0,0,0
"NJ","2020-11-15",6,0,0,0
"NY","2020-11-15",3,0,0,0
"OH","2020-11-15",14,0,0,0
"PA","2020-11-15",200,0,0,0
"RI","2020-11-15",5,0,0,0
"SC","2020-11-15",3,0,0,0
"TX","2020-11-15",167,0,0,0
"WI","2020-11-15",4,0,0,0
"AL","2020-11-16",3,1,0,0
"AZ","2020-11-16",35,0,0,0
"CA","2020-11-16",440,0,0,0
"FL","2020-11-16",539,5,0,0
"GA","2020-11-16",173,2,0,0
"IL","2020-11-16",17,0,0,0
"IN","2020-11-16",349,0,0,0
"LA","2020-11-16",23,0,0,0
"MA","2020-11-16",48,1,0,0
"MD","2020-11-16",4,0,0,0
"MI","2020-11-16",197,0,0,0
"MN","2020-11-16",106,0,0,0
"NC","2020-11-16",153,0,0,0
"NJ","2020-11-16",7,0,0,0
"NM","2020-11-16",3,0,0,0
"NY","2020-11-16",4,0,0,0
"OH","2020-11-16",15,1,0,0
"OK","2020-11-16",5,0,0,0
"PA","2020-11-16",195,0,0,0
"RI","2020-11-16",5,1,0,0
"TN","2020-11-16",6,0,0,0
"TX","2020-11-16",208,0,0,0
"WI","2020-11-16",3,0,0,0
"AL","2020-11-17",3,0,0,0
"AR","2020-11-17",3,0,0,0
"AZ","2020-11-17",52,0,0,0
"CA","2020-11-17",417,1,0,0
"CO","2020-11-17",7,0,0,0
"FL","2020-11-17",489,5,0,0
"GA","2020-11-17",141,0,0,0
"IA","2020-11-17",3,0,0,0
"IL","2020-11-17",38,0,0,0
"IN","2020-11-17",331,1,0,0
"KS","2020-11-17",3,0,0,0
"KY","2020-11-17",18,0,0,0
"LA","2020-11-17",22,0,0,0
"MA","2020-11-17",37,1,0,0
"MD","2020-11-17",9,0,0,0
"MI","2020-11-17",116,0,0,0
"MN","2020-11-17",149,0,0,0
"MO","2020-11-17",5,0,0,0
"MS","2020-11-17",3,0,0,0
"NC","2020-11-17",112,0,0,0
"NJ","2020-11-17",7,0,0,0
"NV","2020-11-17",4,0,0,0
"NY","2020-11-17",6,0,0,0
"OH","2020-11-17",26,0,0,0
"OK","2020-11-17",6,0,0,0
"PA","2020-11-17",202,0,0,0
"SC","2020-11-17",3,0,0,0
"TN","2020-11-17",10,0,0,0
"TX","2020-11-17",210,0,0,0
"UT","2020-11-17",3,0,0,0
"WI","2020-11-17",6,0,0,0
"AZ","2020-11-18",36,0,0,0
"CA","2020-11-18",407,0,0,0
"FL","2020-11-18",441,5,0,0
"GA","2020-11-18",152,0,0,0
"IL","2020-11-18",11,0,0,0
"IN","2020-11-18",260,0,0,0
"KY","2020-11-18",9,0,0,0
"LA","2020-11-18",26,0,0,0
"MA","2020-11-18",25,2,0,0
"MD","2020-11-18",6,0,0,0
"MI","2020-11-18",135,0,0,0
"MN","2020-11-18",165,0,0,0
"NC","2020-11-18",93,0,0,0
"NJ","2020-11-18",16,0,0,0
"NV","2020-11-18",4,0,0,0
"NY","2020-11-18",6,0,0,0
"OH","2020-11-18",14,0,0,0
"PA","2020-11-18",170,0,0,0
"RI","2020-11-18",8,0,0,0
"SC","2020-11-18",3,0,0,0
"TN","2020-11-18",7,0,0,0
"TX","2020-11-18",151,0,0,0
"WA","2020-11-18",3,0,0,0
"WI","2020-11-18",8,0,0,0
"AL","2020-11-19",9,0,0,0
"AZ","2020-11-19",43,0,0,0
"CA","2020-11-19",435,0,0,0
"FL","2020-11-19",471,3,0,0
"GA","2020-11-19",133,0,0,0
"IL","2020-11-19",19,0,0,0
"IN","2020-11-19",243,1,0,0
"KY","2020-11-19",19,0,0,0
"LA","2020-11-19",48,0,0,0
"MA","2020-11-19",24,0,0,0
"MD","2020-11-19",3,0,0,0
"MI","2020-11-19",171,0,0,0
"MN","2020-11-19",188,0,0,0
"MO","2020-11-19",5,0,0,0
"NC","2020-11-19",104,0,0,0
"NE","2020-11-19",3,0,0,0
"NJ","2020-11-19",4,0,0,0
"NV","2020-11-19",4,0,0,0
"NY","2020-11-19",4,0,0,0
"OH","2020-11-19",15,0,0,0
"PA","2020-11-19",165,0,0,0
"TN","2020-11-19",10,0,0,0
"TX","2020-11-19",161,0,0,0
"UT","2020-11-19",3,0,0,0
"WI","2020-11-19",8,0,0,0
"AL","2020-11-20",6,0,0,0
"AZ","2020-11-20",27,0,0,0
"CA","2020-11-20",428,0,0,0
"CO","2020-11-20",4,0,0,0
"CT","2020-11-20",4,0,0,0
"FL","2020-11-20",449,2,0,0
"GA","2020-11-20",146,0,0,0
"IL","2020-11-20",15,0,0,0
"IN","2020-11-20",281,0,0,0
"KY","2020-11-20",5,0,0,0
"LA","2020-11-20",23,0,0,0
"MA","2020-11-20",31,2,0,0
"MD","2020-11-20",4,0,0,0
"MI","2020-11-20",149,0,0,0
"MN","2020-11-20",176,0,0,0
"NC","2020-11-20",78,1,0,0
"NJ","2020-11-20",3,0,0,0
"NV","2020-11-20",7,0,0,0
"NY","2020-11-20",7,0,0,0
"OH","2020-11-20",22,0,0,0
"OK","2020-11-20",6,0,0,0
"PA","2020-11-20",142,0,0,0
"RI","2020-11-20",3,0,0,0
"TX","2020-11-20",135,1,0,0
"VA","2020-11-20",3,0,0,0
"WI","2020-11-20",5,0,0,0
"AZ","2020-11-21",20,0,0,0
"CA","2020-11-21",333,1,0,0
"CT","2020-11-21",6,0,0,0
"FL","2020-11-21",409,4,0,0
"GA","2020-11-21",95,1,0,0
"IL","2020-11-21",13,0,0,0
"IN","2020-11-21",243,1,0,0
"KY","2020-11-21",4,0,0,0
"LA","2020-11-21",28,0,0,0
"MA","2020-11-21",17,2,0,0
"MI","2020-11-21",119,0,0,0
"MN","2020-11-21",45,0,0,0
"NC","2020-11-21",81,0,0,0
"NJ","2020-11-21",3,0,0,0
"NM","2020-11-21",9,0,0,0
"NV","2020-11-21",4,0,0,0
"NY","2020-11-21",3,0,0,0
"OH","2020-11-21",12,1,0,0
"PA","2020-11-21",122,2,0,0
"PR","2020-11-21",3,0,0,0
"RI","2020-11-21",4,0,0,0
"SC","2020-11-21",4,0,0,0
"TX","2020-11-21",121,0,0,0
"WI","2020-11-21",9,0,0,0
"AZ","2020-11-22",13,0,0,0
"CA","2020-11-22",322,0,0,0
"FL","2020-11-22",314,1,0,0
"GA","2020-11-22",90,0,0,0
"IN","2020-11-22",244,0,0,0
"KY","2020-11-22",5,0,0,0
"LA","2020-11-22",25,0,0,0
"MA","2020-11-22",14,0,0,0
"MI","2020-11-22",123,0,0,0
"MN","2020-11-22",28,0,0,0
"NC","2020-11-22",74,0,0,0
"NJ","2020-11-22",7,0,0,0
"OH","2020-11-22",14,0,0,0
"PA","2020-11-22",129,1,0,0
"TX","2020-11-22",126,0,0,0
"VA","2020-11-22",4,0,0,0
"AL","2020-11-23",12,0,0,0
"AZ","2020-11-23",47,0,0,0
"CA","2020-11-23",481,0,0,0
"CO","2020-11-23",4,0,0,0
"CT","2020-11-23",5,0,0,0
"FL","2020-11-23",413,2,0,0
"GA","2020-11-23",146,0,0,0
"IL","2020-11-23",26,0,0,0
"IN","2020-11-23",382,0,0,0
"KY","2020-11-23",9,0,0,0
"LA","2020-11-23",39,0,0,0
"MA","2020-11-23",30,1,0,0
"MD","2020-11-23",5,0,0,0
"MI","2020-11-23",172,0,0,0
"MN","2020-11-23",104,0,0,0
"MO","2020-11-23",5,0,0,0
"MS","2020-11-23",3,0,0,0
"NC","2020-11-23",100,0,0,0
"NJ","2020-11-23",11,0,0,0
"NV","2020-11-23",4,0,0,0
"NY","2020-11-23",5,0,0,0
"OH","2020-11-23",31,0,0,0
"PA","2020-11-23",178,3,0,0
"RI","2020-11-23",4,0,0,0
"SC","2020-11-23",5,0,0,0
"TN","2020-11-23",7,0,0,0
"TX","2020-11-23",179,0,0,0
"VA","2020-11-23",10,0,0,0
"WI","2020-11-23",5,0,0,0
"AZ","2020-11-24",26,0,0,0
"CA","2020-11-24",469,0,0,0
"CO","2020-11-24",7,0,0,0
"DE","2020-11-24",4,0,0,0
"FL","2020-11-24",420,3,0,0
"GA","2020-11-24",152,0,0,0
"IA","2020-11-24",4,0,0,0
"IL","2020-11-24",26,0,0,0
"IN","2020-11-24",283,0,0,0
"KY","2020-11-24",14,0,0,0
"LA","2020-11-24",14,0,0,0
"MA","2020-11-24",32,1,0,0
"MD","2020-11-24",8,0,0,0
"MI","2020-11-24",121,0,0,0
"MN","2020-11-24",148,0,0,0
"MO","2020-11-24",4,0,0,0
"NC","2020-11-24",115,0,0,0
"NJ","2020-11-24",6,0,0,0
"NV","2020-11-24",3,0,0,0
"NY","2020-11-24",5,0,0,0
"OH","2020-11-24",29,0,0,0
"OK","2020-11-24",4,0,0,0
"PA","2020-11-24",180,3,0,0
"RI","2020-11-24",6,0,0,0
"TN","2020-11-24",3,0,0,0
"TX","2020-11-24",153,0,0,0
"UT","2020-11-24",6,0,0,0
"VA","2020-11-24",5,0,0,0
"WI","2020-11-24",9,0,0,0
"AL","2020-11-25",5,0,0,0
"AR","2020-11-25",3,0,0,0
"AZ","2020-11-25",34,0,0,0
"CA","2020-11-25",454,0,0,0
"CO","2020-11-25",3,0,0,0
"FL","2020-11-25",442,5,0,0
"GA","2020-11-25",172,0,0,0
"IL","2020-11-25",21,0,0,0
"IN","2020-11-25",302,0,0,0
"KY","2020-11-25",11,0,0,0
"LA","2020-11-25",42,0,0,0
"MA","2020-11-25",36,2,0,0
"MD","2020-11-25",3,0,0,0
"MI","2020-11-25",171,1,0,0
"MO","2020-11-25",3,0,0,0
"NC","2020-11-25",138,0,0,0
"NJ","2020-11-25",7,0,0,0
"NV","2020-11-25",8,0,0,0
"NY","2020-11-25",6,1,0,0
"OH","2020-11-25",28,1,0,0
"OR","2020-11-25",4,0,0,0
"PA","2020-11-25",202,3,0,0
"PR","2020-11-25",4,0,0,0
"SC","2020-11-25",6,0,0,0
"TN","2020-11-25",14,0,0,0
"TX","2020-11-25",156,0,0,0
"VA","2020-11-25",4,0,0,0
"CA","2020-11-26",139,0,0,0
"IL","2020-11-26",3,0,0,0
"MN","2020-11-26",4,0,0,0
"TX","2020-11-26",4,0,0,0
"AL","2020-11-27",8,0,0,0
"AZ","2020-11-27",43,0,0,0
"CA","2020-11-27",486,0,0,0
"FL","2020-11-27",554,11,0,0
"GA","2020-11-27",255,1,0,0
"IL","2020-11-27",13,0,0,0
"IN","2020-11-27",363,1,0,0
"KY","2020-11-27",5,0,0,0
"LA","2020-11-27",38,0,0,0
"MA","2020-11-27",46,1,0,0
"MI","2020-11-27",180,1,0,0
"NC","2020-11-27",211,0,0,0
"NH","2020-11-27",3,0,0,0
"NJ","2020-11-27",7,0,0,0
"NV","2020-11-27",6,0,0,0
"NY","2020-11-27",10,0,0,0
"OH","2020-11-27",21,0,0,0
"OK","2020-11-27",10,0,0,0
"PA","2020-11-27",238,2,0,0
"SC","2020-11-27",4,0,0,0
"TN","2020-11-27",6,0,0,0
"TX","2020-11-27",193,0,0,0
"WI","2020-11-27",3,0,0,0
"AZ","2020-11-28",34,0,0,0
"CA","2020-11-28",399,1,0,0
"CO","2020-11-28",3,0,0,0
"FL","2020-11-28",550,6,0,0
"GA","2020-11-28",222,0,0,0
"IL","2020-11-28",16,0,0,0
"IN","2020-11-28",407,2,0,0
"KY","2020-11-28",13,0,0,0
"LA","2020-11-28",35,0,0,0
"MA","2020-11-28",68,3,0,0
"MI","2020-11-28",197,0,0,0
"MN","2020-11-28",3,0,0,0
"NC","2020-11-28",223,0,0,0
"NJ","2020-11-28",7,0,0,0
"NM","2020-11-28",3,0,0,0
"NV","2020-11-28",4,0,0,0
"NY","2020-11-28",9,0,0,0
"OH","2020-11-28",24,2,0,0
"PA","2020-11-28",294,0,0,0
"RI","2020-11-28",3,0,0,0
"SC","2020-11-28",7,0,0,0
"TN","2020-11-28",5,0,0,0
"TX","2020-11-28",207,0,0,0
"UT","2020-11-28",4,0,0,0
"AZ","2020-11-29",41,0,0,0
"CA","2020-11-29",408,2,0,0
"FL","2020-11-29",430,4,0,0
"GA","2020-11-29",210,0,0,0
"IL","2020-11-29",4,0,0,0
"IN","2020-11-29",375,3,0,0
"LA","2020-11-29",16,0,0,0
"MA","2020-11-29",39,2,0,0
"MD","2020-11-29",3,0,0,0
"MI","2020-11-29",138,1,0,0
"NC","2020-11-29",156,0,0,0
"NJ","2020-11-29",5,0,0,0
"NY","2020-11-29",5,0,0,0
"OH","2020-11-29",11,1,0,0
"PA","2020-11-29",226,0,0,0
"TX","2020-11-29",156,0,0,0
"AL","2020-11-30",10,0,0,0
"AZ","2020-11-30",48,0,0,0
"CA","2020-11-30",774,0,0,0
"FL","2020-11-30",595,5,0,0
"GA","2020-11-30",256,1,0,0
"IL","2020-11-30",12,0,0,0
"IN","2020-11-30",502,2,0,0
"KY","2020-11-30",6,0,0,0
"LA","2020-11-30",52,0,0,0
"MA","2020-11-30",69,5,0,0
"MD","2020-11-30",4,0,0,0
"MI","2020-11-30",179,1,0,0
"NC","2020-11-30",226,0,0,0
"NJ","2020-11-30",12,0,0,0
"NV","2020-11-30",6,0,0,0
"NY","2020-11-30",8,0,0,0
"OH","2020-11-30",18,1,0,0
"OK","2020-11-30",3,0,0,0
"PA","2020-11-30",280,0,0,0
"RI","2020-11-30",5,0,0,0
"SC","2020-11-30",4,0,0,0
"TN","2020-11-30",3,0,0,0
"TX","2020-11-30",242,0,0,0
"AL","2020-12-01",6,0,0,0
"AZ","2020-12-01",55,0,0,0
"CA","2020-12-01",713,0,0,0
"CO","2020-12-01",4,0,0,0
"CT","2020-12-01",3,0,0,0
"FL","2020-12-01",563,3,0,0
"GA","2020-12-01",237,1,0,0
"IL","2020-12-01",26,0,0,0
"IN","2020-12-01",410,2,0,0
"KY","2020-12-01",19,0,0,0
"LA","2020-12-01",33,0,0,0
"MA","2020-12-01",69,3,0,0
"MD","2020-12-01",9,0,0,0
"MI","2020-12-01",167,0,0,0
"MN","2020-12-01",7,0,0,0
"MO","2020-12-01",6,0,0,0
"NC","2020-12-01",204,2,0,0
"NJ","2020-12-01",9,0,0,0
"NM","2020-12-01",3,0,0,0
"NV","2020-12-01",5,0,0,0
"NY","2020-12-01",6,0,0,0
"OH","2020-12-01",42,0,0,0
"PA","2020-12-01",272,0,0,0
"RI","2020-12-01",6,0,0,0
"SC","2020-12-01",9,0,0,0
"TN","2020-12-01",7,0,0,0
"TX","2020-12-01",210,0,0,0
"UT","2020-12-01",4,0,0,0
"VA","2020-12-01",4,0,0,0
"WA","2020-12-01",7,0,0,0
"WI","2020-12-01",7,0,0,0
"WY","2020-12-01",6,0,0,0
"AZ","2020-12-02",28,0,0,0
"CA","2020-12-02",691,0,0,0
"FL","2020-12-02",438,4,0,0
"GA","2020-12-02",218,0,0,0
"IL","2020-12-02",18,0,0,0
"IN","2020-12-02",381,1,0,0
"KY","2020-12-02",6,0,0,0
"LA","2020-12-02",24,0,0,0
"MA","2020-12-02",53,4,0,0
"MD","2020-12-02",5,0,0,0
"MI","2020-12-02",144,0,0,0
"NC","2020-12-02",178,0,0,0
"NJ","2020-12-02",10,0,0,0
"NV","2020-12-02",3,0,0,0
"NY","2020-12-02",4,0,0,0
"OH","2020-12-02",20,0,0,0
"OK","2020-12-02",5,0,0,0
"PA","2020-12-02",239,1,0,0
"SC","2020-12-02",3,0,0,0
"TN","2020-12-02",10,0,0,0
"TX","2020-12-02",165,0,0,0
"VA","2020-12-02",3,0,0,0
"AL","2020-12-03",10,0,0,0
"AZ","2020-12-03",37,0,0,0
"CA","2020-12-03",742,0,0,0
"FL","2020-12-03",525,6,0,0
"GA","2020-12-03",233,1,0,0
"IL","2020-12-03",26,0,0,0
"IN","2020-12-03",357,0,0,0
"KY","2020-12-03",24,0,0,0
"LA","2020-12-03",30,0,0,0
"MA","2020-12-03",72,0,0,0
"MI","2020-12-03",163,0,0,0
"MN","2020-12-03",10,0,0,0
"NC","2020-12-03",204,1,0,0
"NJ","2020-12-03",10,0,0,0
"NV","2020-12-03",4,0,0,0
"OH","2020-12-03",44,0,0,0
"OK","2020-12-03",5,0,0,0
"OR","2020-12-03",5,0,0,0
"PA","2020-12-03",256,1,0,0
"SC","2020-12-03",6,0,0,0
"TN","2020-12-03",12,0,0,0
"TX","2020-12-03",173,1,0,0
"VA","2020-12-03",6,0,0,0
"WA","2020-12-03",7,0,0,0
"WI","2020-12-03",5,0,0,0
"AL","2020-12-04",10,0,0,0
"AZ","2020-12-04",68,0,0,0
"CA","2020-12-04",617,1,0,0
"FL","2020-12-04",483,3,0,0
"GA","2020-12-04",192,0,0,0
"ID","2020-12-04",3,0,0,0
"IL","2020-12-04",23,0,0,0
"IN","2020-12-04",325,0,0,0
"KY","2020-12-04",4,0,0,0
"LA","2020-12-04",29,0,0,0
"MA","2020-12-04",87,2,0,0
"MI","2020-12-04",123,0,0,0
"NC","2020-12-04",180,1,0,0
"NJ","2020-12-04",9,0,0,0
"NV","2020-12-04",5,0,0,0
"NY","2020-12-04",3,0,0,0
"OH","2020-12-04",22,0,0,0
"PA","2020-12-04",245,0,0,0
"RI","2020-12-04",5,1,0,0
"SC","2020-12-04",5,0,0,0
"TX","2020-12-04",161,0,0,0
"VA","2020-12-04",4,0,0,0
"WV","2020-12-04",3,0,0,0
"AL","2020-12-05",4,0,0,0
"AZ","2020-12-05",74,0,0,0
"CA","2020-12-05",454,0,0,0
"CO","2020-12-05",4,0,0,0
"CT","2020-12-05",3,0,0,0
"FL","2020-12-05",457,10,0,0
"GA","2020-12-05",227,0,0,0
"IL","2020-12-05",16,0,0,0
"IN","2020-12-05",299,1,0,0
"LA","2020-12-05",18,0,0,0
"MA","2020-12-05",59,3,0,0
"MD","2020-12-05",5,0,0,0
"MI","2020-12-05",130,0,0,0
"NC","2020-12-05",176,0,0,0
"NJ","2020-12-05",3,0,0,0
"NY","2020-12-05",5,0,0,0
"OH","2020-12-05",13,0,0,0
"PA","2020-12-05",223,0,0,0
"SC","2020-12-05",8,0,0,0
"TN","2020-12-05",4,0,0,0
"TX","2020-12-05",158,0,0,0
"UT","2020-12-05",4,0,0,0
"VA","2020-12-05",8,1,0,0
"AZ","2020-12-06",76,0,0,0
"CA","2020-12-06",505,2,0,0
"FL","2020-12-06",413,3,0,0
"GA","2020-12-06",206,0,0,0
"IL","2020-12-06",9,0,0,0
"IN","2020-12-06",289,0,0,0
"LA","2020-12-06",25,1,0,0
"MA","2020-12-06",62,3,0,0
"MD","2020-12-06",3,0,0,0
"MI","2020-12-06",124,0,0,0
"NC","2020-12-06",138,0,0,0
"NJ","2020-12-06",4,0,0,0
"NY","2020-12-06",4,0,0,0
"OH","2020-12-06",11,0,0,0
"PA","2020-12-06",232,3,0,0
"SC","2020-12-06",4,0,0,0
"TN","2020-12-06",3,0,0,0
"TX","2020-12-06",146,0,0,0
"AL","2020-12-07",8,0,0,0
"AZ","2020-12-07",82,0,0,0
"CA","2020-12-07",1015,1,0,0
"CO","2020-12-07",4,0,0,0
"FL","2020-12-07",535,5,0,0
"GA","2020-12-07",249,0,0,0
"IA","2020-12-07",3,0,0,0
"IL","2020-12-07",22,0,0,0
"IN","2020-12-07",402,0,0,0
"KY","2020-12-07",6,0,0,0
"LA","2020-12-07",29,0,0,0
"MA","2020-12-07",70,2,0,0
"MI","2020-12-07",114,0,0,0
"NC","2020-12-07",214,0,0,0
"NJ","2020-12-07",10,0,0,0
"NM","2020-12-07",3,0,0,0
"NV","2020-12-07",4,0,0,0
"NY","2020-12-07",5,0,0,0
"OH","2020-12-07",17,0,0,0
"OK","2020-12-07",7,0,0,0
"PA","2020-12-07",264,1,0,0
"SC","2020-12-07",6,0,0,0
"TN","2020-12-07",11,0,0,0
"TX","2020-12-07",179,0,0,0
"AL","2020-12-08",8,0,0,0
"AZ","2020-12-08",119,0,0,0
"CA","2020-12-08",917,0,0,0
"FL","2020-12-08",480,8,0,0
"GA","2020-12-08",224,0,0,0
"IL","2020-12-08",26,0,0,0
"IN","2020-12-08",358,0,0,0
"KS","2020-12-08",4,0,0,0
"KY","2020-12-08",18,0,0,0
"LA","2020-12-08",42,0,0,0
"MA","2020-12-08",55,1,0,0
"MI","2020-12-08",104,0,0,0
"MN","2020-12-08",9,0,0,0
"NC","2020-12-08",164,0,0,0
"NE","2020-12-08",3,0,0,0
"NJ","2020-12-08",16,0,0,0
"NM","2020-12-08",9,0,0,0
"NV","2020-12-08",6,0,0,0
"NY","2020-12-08",7,0,0,0
"OH","2020-12-08",38,0,0,0
"OK","2020-12-08",7,0,0,0
"OR","2020-12-08",6,0,0,0
"PA","2020-12-08",284,2,0,0
"SC","2020-12-08",11,0,0,0
"TN","2020-12-08",7,0,0,0
"TX","2020-12-08",215,0,0,0
"VA","2020-12-08",7,0,0,0
"WA","2020-12-08",7,0,0,0
"WI","2020-12-08",7,0,0,0
"WV","2020-12-08",3,0,0,0
"AL","2020-12-09",8,0,0,0
"AZ","2020-12-09",70,0,0,0
"CA","2020-12-09",957,2,0,0
"CT","2020-12-09",3,0,0,0
"FL","2020-12-09",436,9,0,0
"GA","2020-12-09",213,0,0,0
"ID","2020-12-09",3,0,0,0
"IL","2020-12-09",8,0,0,0
"IN","2020-12-09",341,0,0,0
"LA","2020-12-09",38,0,0,0
"MA","2020-12-09",55,0,0,0
"MD","2020-12-09",8,0,0,0
"MI","2020-12-09",108,0,0,0
"NC","2020-12-09",168,0,0,0
"NJ","2020-12-09",14,0,0,0
"NM","2020-12-09",3,0,0,0
"NY","2020-12-09",9,0,0,0
"OH","2020-12-09",17,0,0,0
"PA","2020-12-09",229,1,0,0
"SC","2020-12-09",5,0,0,0
"TN","2020-12-09",9,0,0,0
"TX","2020-12-09",193,0,0,0
"AL","2020-12-10",11,0,0,0
"AZ","2020-12-10",91,0,0,0
"CA","2020-12-10",954,3,0,0
"CO","2020-12-10",5,0,0,0
"CT","2020-12-10",3,0,0,0
"DE","2020-12-10",3,0,0,0
"FL","2020-12-10",514,8,0,0
"GA","2020-12-10",241,0,0,0
"IL","2020-12-10",17,0,0,0
"IN","2020-12-10",357,0,0,0
"KS","2020-12-10",4,0,0,0
"KY","2020-12-10",21,0,0,0
"LA","2020-12-10",36,0,0,0
"MA","2020-12-10",71,3,0,0
"MD","2020-12-10",3,0,0,0
"MI","2020-12-10",91,0,0,0
"MN","2020-12-10",5,0,0,0
"MO","2020-12-10",5,0,0,0
"MS","2020-12-10",3,0,0,0
"NC","2020-12-10",197,0,0,0
"NJ","2020-12-10",4,0,0,0
"NM","2020-12-10",5,0,0,0
"NV","2020-12-10",8,0,0,0
"NY","2020-12-10",3,0,0,0
"OH","2020-12-10",27,0,0,0
"OK","2020-12-10",5,0,0,0
"OR","2020-12-10",4,0,0,0
"PA","2020-12-10",241,2,0,0
"SC","2020-12-10",9,0,0,0
"TN","2020-12-10",8,0,0,0
"TX","2020-12-10",225,1,0,0
"VA","2020-12-10",5,0,0,0
"WI","2020-12-10",3,0,0,0
"AL","2020-12-11",14,0,0,0
"AZ","2020-12-11",77,0,0,0
"CA","2020-12-11",823,0,0,0
"CT","2020-12-11",3,0,0,0
"FL","2020-12-11",434,8,0,0
"GA","2020-12-11",257,0,0,0
"ID","2020-12-11",3,0,0,0
"IN","2020-12-11",286,0,0,0
"LA","2020-12-11",34,0,0,0
"MA","2020-12-11",68,4,0,0
"MD","2020-12-11",7,0,0,0
"MI","2020-12-11",83,0,0,0
"NC","2020-12-11",167,0,0,0
"NJ","2020-12-11",4,0,0,0
"NV","2020-12-11",6,0,0,0
"OH","2020-12-11",18,0,0,0
"OK","2020-12-11",12,0,0,0
"PA","2020-12-11",267,1,0,0
"SC","2020-12-11",3,0,0,0
"TX","2020-12-11",214,0,0,0
"VA","2020-12-11",3,0,0,0
"AL","2020-12-12",4,0,0,0
"AR","2020-12-12",3,0,0,0
"AZ","2020-12-12",77,0,0,0
"CA","2020-12-12",741,4,0,0
"CO","2020-12-12",5,0,0,0
"CT","2020-12-12",3,0,0,0
"FL","2020-12-12",490,3,0,0
"GA","2020-12-12",241,0,0,0
"IL","2020-12-12",11,0,0,0
"IN","2020-12-12",357,1,0,0
"KY","2020-12-12",3,0,0,0
"LA","2020-12-12",36,0,0,0
"MA","2020-12-12",65,5,0,0
"MI","2020-12-12",73,0,0,0
"MN","2020-12-12",3,0,0,0
"NC","2020-12-12",191,0,0,0
"NJ","2020-12-12",8,0,0,0
"NV","2020-12-12",5,0,0,0
"NY","2020-12-12",9,0,0,0
"OH","2020-12-12",12,0,0,0
"PA","2020-12-12",212,0,0,0
"SC","2020-12-12",7,0,0,0
"TX","2020-12-12",214,0,0,0
"AZ","2020-12-13",81,0,0,0
"CA","2020-12-13",684,0,0,0
"FL","2020-12-13",501,5,0,0
"GA","2020-12-13",213,1,0,0
"IL","2020-12-13",4,0,0,0
"IN","2020-12-13",313,0,0,0
"LA","2020-12-13",22,0,0,0
"MA","2020-12-13",53,3,0,0
"MI","2020-12-13",56,0,0,0
"NC","2020-12-13",166,0,0,0
"OH","2020-12-13",9,1,0,0
"PA","2020-12-13",207,0,0,0
"SC","2020-12-13",5,0,0,0
"TX","2020-12-13",179,0,0,0
"AL","2020-12-14",4,0,0,0
"AZ","2020-12-14",97,0,0,0
"CA","2020-12-14",1230,5,0,0
"CO","2020-12-14",5,0,0,0
"FL","2020-12-14",585,12,0,0
"GA","2020-12-14",297,2,0,0
"IL","2020-12-14",11,0,0,0
"IN","2020-12-14",400,1,0,0
"KY","2020-12-14",7,0,0,0
"LA","2020-12-14",34,0,0,0
"MA","2020-12-14",80,1,0,0
"MD","2020-12-14",4,0,0,0
"MI","2020-12-14",73,0,0,0
"NC","2020-12-14",237,0,0,0
"NJ","2020-12-14",15,0,0,0
"NY","2020-12-14",5,0,0,0
"OH","2020-12-14",12,1,0,0
"OK","2020-12-14",10,0,0,0
"PA","2020-12-14",237,3,0,0
"SC","2020-12-14",10,0,0,0
"TN","2020-12-14",6,0,0,0
"TX","2020-12-14",244,0,0,0
"WA","2020-12-14",3,0,0,0
"WI","2020-12-14",3,0,0,0
"WV","2020-12-14",3,0,0,0
"AL","2020-12-15",9,0,0,0
"AZ","2020-12-15",96,0,0,0
"CA","2020-12-15",1053,4,0,0
"CO","2020-12-15",5,0,0,0
"CT","2020-12-15",4,0,0,0
"FL","2020-12-15",529,5,0,0
"GA","2020-12-15",286,0,0,0
"IL","2020-12-15",15,0,0,0
"IN","2020-12-15",301,0,0,0
"KS","2020-12-15",3,0,0,0
"KY","2020-12-15",13,0,0,0
"LA","2020-12-15",43,0,0,0
"MA","2020-12-15",83,2,0,0
"MD","2020-12-15",4,0,0,0
"MI","2020-12-15",87,0,0,0
"MN","2020-12-15",4,0,0,0
"MO","2020-12-15",4,0,0,0
"MS","2020-12-15",6,0,0,0
"NC","2020-12-15",198,0,0,0
"NJ","2020-12-15",6,0,0,0
"NM","2020-12-15",3,0,0,0
"NV","2020-12-15",3,0,0,0
"NY","2020-12-15",7,0,0,0
"OH","2020-12-15",17,0,0,0
"OR","2020-12-15",6,0,0,0
"PA","2020-12-15",258,1,0,0
"PR","2020-12-15",3,0,0,0
"RI","2020-12-15",5,2,0,0
"SC","2020-12-15",9,0,0,0
"TN","2020-12-15",14,0,0,0
"TX","2020-12-15",243,0,0,0
"VA","2020-12-15",7,0,0,0
"WA","2020-12-15",3,0,0,0
"WI","2020-12-15",6,0,0,0
"AL","2020-12-16",3,0,0,0
"AZ","2020-12-16",89,0,0,0
"CA","2020-12-16",1044,4,0,0
"FL","2020-12-16",437,9,0,0
"GA","2020-12-16",219,0,0,0
"IL","2020-12-16",13,0,0,0
"IN","2020-12-16",293,0,0,0
"KY","2020-12-16",3,0,0,0
"LA","2020-12-16",30,0,0,0
"MA","2020-12-16",65,2,0,0
"MD","2020-12-16",5,0,0,0
"MI","2020-12-16",65,0,0,0
"NC","2020-12-16",162,0,0,0
"NJ","2020-12-16",12,0,0,0
"NV","2020-12-16",5,0,0,0
"NY","2020-12-16",7,0,0,0
"OH","2020-12-16",6,0,0,0
"PA","2020-12-16",197,0,0,0
"SC","2020-12-16",4,0,0,0
"TN","2020-12-16",5,0,0,0
"TX","2020-12-16",202,0,0,0
"VA","2020-12-16",4,0,0,0
"AL","2020-12-17",8,0,0,0
"AR","2020-12-17",4,0,0,0
"AZ","2020-12-17",71,0,0,0
"CA","2020-12-17",1069,8,0,0
"CO","2020-12-17",4,0,0,0
"DE","2020-12-17",3,0,0,0
"FL","2020-12-17",495,1,0,0
"GA","2020-12-17",237,1,0,0
"IL","2020-12-17",14,0,0,0
"IN","2020-12-17",274,0,0,0
"KS","2020-12-17",3,0,0,0
"KY","2020-12-17",10,0,0,0
"LA","2020-12-17",33,0,0,0
"MA","2020-12-17",71,0,0,0
"MI","2020-12-17",72,0,0,0
"MN","2020-12-17",5,0,0,0
"MS","2020-12-17",9,0,0,0
"NC","2020-12-17",202,0,0,0
"NJ","2020-12-17",6,0,0,0
"NV","2020-12-17",3,0,0,0
"NY","2020-12-17",7,0,0,0
"OH","2020-12-17",24,0,0,0
"OR","2020-12-17",4,0,0,0
"PA","2020-12-17",192,0,0,0
"SC","2020-12-17",7,0,0,0
"TN","2020-12-17",9,0,0,0
"TX","2020-12-17",223,0,0,0
"VA","2020-12-17",6,0,0,0
"AL","2020-12-18",8,0,0,0
"AZ","2020-12-18",82,0,0,0
"CA","2020-12-18",909,6,0,0
"CO","2020-12-18",3,0,0,0
"FL","2020-12-18",515,7,0,0
"GA","2020-12-18",220,2,0,0
"IL","2020-12-18",7,0,0,0
"IN","2020-12-18",299,0,0,0
"LA","2020-12-18",35,0,0,0
"MA","2020-12-18",76,3,0,0
"MI","2020-12-18",59,1,0,0
"NC","2020-12-18",190,0,0,0
"NJ","2020-12-18",5,0,0,0
"NY","2020-12-18",5,0,0,0
"OH","2020-12-18",8,0,0,0
"OK","2020-12-18",5,0,0,0
"PA","2020-12-18",200,0,0,0
"SC","2020-12-18",7,0,0,0
"TX","2020-12-18",198,0,0,0
"AZ","2020-12-19",60,0,0,0
"CA","2020-12-19",772,2,0,0
"FL","2020-12-19",501,5,5,1
"GA","2020-12-19",228,0,0,0
"IL","2020-12-19",9,0,0,0
"IN","2020-12-19",269,0,0,0
"LA","2020-12-19",29,0,0,0
"MA","2020-12-19",66,4,4,0
"MI","2020-12-19",59,0,0,0
"MO","2020-12-19",3,0,0,0
"NC","2020-12-19",147,0,0,0
"NJ","2020-12-19",8,0,0,0
"OH","2020-12-19",13,0,0,0
"PA","2020-12-19",195,1,1,0
"SC","2020-12-19",4,0,0,0
"TX","2020-12-19",196,0,0,0
"VA","2020-12-19",7,0,0,0
"WA","2020-12-19",3,0,0,0
"WI","2020-12-19",6,0,0,0
"AZ","2020-12-20",77,0,0,0
"CA","2020-12-20",669,2,1,1
"CT","2020-12-20",3,0,0,0
"FL","2020-12-20",407,3,3,0
"GA","2020-12-20",192,0,0,0
"IL","2020-12-20",4,0,0,0
"IN","2020-12-20",247,1,1,0
"LA","2020-12-20",29,0,0,0
"MA","2020-12-20",43,2,2,0
"MI","2020-12-20",63,0,0,0
"NC","2020-12-20",125,0,0,0
"NJ","2020-12-20",4,0,0,0
"OH","2020-12-20",8,0,0,0
"PA","2020-12-20",140,1,1,0
"TX","2020-12-20",174,0,0,0
"AL","2020-12-21",3,0,0,0
"AR","2020-12-21",3,0,0,0
"AZ","2020-12-21",94,0,0,0
"CA","2020-12-21",989,3,3,1
"CT","2020-12-21",3,0,0,0
"FL","2020-12-21",553,10,0,0
"GA","2020-12-21",302,2,0,0
"IL","2020-12-21",5,0,0,0
"IN","2020-12-21",341,0,0,0
"LA","2020-12-21",43,0,0,0
"MA","2020-12-21",36,0,0,0
"MI","2020-12-21",64,0,0,0
"NC","2020-12-21",170,0,0,0
"NJ","2020-12-21",6,0,0,0
"NY","2020-12-21",11,0,0,0
"OH","2020-12-21",17,0,0,0
"OK","2020-12-21",10,0,0,0
"PA","2020-12-21",215,0,0,0
"SC","2020-12-21",9,0,0,0
"TN","2020-12-21",7,0,0,0
"TX","2020-12-21",230,0,0,0
"VA","2020-12-21",3,0,0,0
"AL","2020-12-22",16,0,0,0
"AZ","2020-12-22",94,0,0,0
"CA","2020-12-22",1037,10,0,0
"CO","2020-12-22",3,0,0,0
"FL","2020-12-22",455,4,0,0
"GA","2020-12-22",281,1,0,0
"IL","2020-12-22",15,0,0,0
"IN","2020-12-22",270,2,0,0
"KY","2020-12-22",9,0,0,0
"LA","2020-12-22",26,0,0,0
"MA","2020-12-22",59,1,0,0
"MI","2020-12-22",74,0,0,0
"MN","2020-12-22",5,0,0,0
"MS","2020-12-22",10,0,0,0
"NC","2020-12-22",183,0,0,0
"NJ","2020-12-22",7,0,0,0
"NV","2020-12-22",9,0,0,0
"NY","2020-12-22",5,0,0,0
"OH","2020-12-22",29,0,0,0
"OK","2020-12-22",3,0,0,0
"OR","2020-12-22",6,0,0,0
"PA","2020-12-22",180,1,0,0
"SC","2020-12-22",6,0,0,0
"TN","2020-12-22",13,0,0,0
"TX","2020-12-22",235,0,0,0
"VA","2020-12-22",8,0,0,0
"WI","2020-12-22",5,0,0,0
"AL","2020-12-23",11,0,0,0
"AZ","2020-12-23",111,0,0,0
"CA","2020-12-23",999,2,0,0
"FL","2020-12-23",622,9,0,0
"GA","2020-12-23",318,0,0,0
"IL","2020-12-23",19,0,0,0
"IN","2020-12-23",330,1,1,0
"LA","2020-12-23",45,0,0,0
"MA","2020-12-23",58,4,0,0
"MI","2020-12-23",58,0,0,0
"NC","2020-12-23",203,0,0,0
"NJ","2020-12-23",14,0,0,0
"NV","2020-12-23",5,0,0,0
"NY","2020-12-23",9,0,0,0
"OH","2020-12-23",10,0,0,0
"PA","2020-12-23",251,1,0,0
"SC","2020-12-23",13,0,0,0
"TN","2020-12-23",5,0,0,0
"TX","2020-12-23",267,0,0,0
"VA","2020-12-23",5,0,0,0
"AL","2020-12-24",7,0,0,0
"AZ","2020-12-24",113,0,0,0
"CA","2020-12-24",814,4,1,0
"DE","2020-12-24",5,0,0,0
"FL","2020-12-24",735,6,0,0
"GA","2020-12-24",350,0,0,0
"IL","2020-12-24",13,0,0,0
"IN","2020-12-24",332,1,1,0
"LA","2020-12-24",30,0,0,0
"MA","2020-12-24",70,1,1,0
"MD","2020-12-24",5,0,0,0
"MI","2020-12-24",55,0,0,0
"NC","2020-12-24",237,0,0,0
"NJ","2020-12-24",7,0,0,0
"NV","2020-12-24",6,0,0,0
"NY","2020-12-24",6,0,0,0
"OH","2020-12-24",12,0,0,0
"OK","2020-12-24",3,0,0,0
"OR","2020-12-24",4,0,0,0
"PA","2020-12-24",265,1,1,0
"SC","2020-12-24",7,0,0,0
"TN","2020-12-24",4,0,0,0
"TX","2020-12-24",312,1,1,0
"VA","2020-12-24",6,0,0,0
"CA","2020-12-25",244,1,0,0
"OR","2020-12-25",4,0,0,0
"AL","2020-12-26",3,0,0,0
"AR","2020-12-26",3,0,0,0
"AZ","2020-12-26",118,1,1,0
"CA","2020-12-26",1013,4,4,4
"FL","2020-12-26",716,9,9,5
"GA","2020-12-26",396,0,0,0
"HI","2020-12-26",3,0,0,0
"IL","2020-12-26",9,0,0,0
"IN","2020-12-26",394,0,0,0
"KY","2020-12-26",3,0,0,0
"LA","2020-12-26",63,0,0,0
"MA","2020-12-26",91,4,4,0
"MD","2020-12-26",6,0,0,0
"MI","2020-12-26",81,0,0,0
"NC","2020-12-26",268,0,0,0
"NJ","2020-12-26",13,0,0,0
"NY","2020-12-26",6,0,0,0
"OH","2020-12-26",6,0,0,0
"PA","2020-12-26",292,0,0,0
"SC","2020-12-26",12,0,0,0
"TN","2020-12-26",3,0,0,0
"TX","2020-12-26",325,1,1,0
"AL","2020-12-27",10,1,1,0
"AZ","2020-12-27",94,0,0,0
"CA","2020-12-27",949,3,3,2
"FL","2020-12-27",633,6,6,2
"GA","2020-12-27",320,0,0,0
"IL","2020-12-27",4,0,0,0
"IN","2020-12-27",316,0,0,0
"LA","2020-12-27",40,0,0,0
"MA","2020-12-27",79,2,2,0
"MD","2020-12-27",5,0,0,0
"MI","2020-12-27",59,0,0,0
"NC","2020-12-27",243,0,0,0
"NJ","2020-12-27",12,0,0,0
"NY","2020-12-27",4,0,0,0
"OH","2020-12-27",12,0,0,0
"PA","2020-12-27",281,0,0,0
"SC","2020-12-27",9,0,0,0
"TN","2020-12-27",3,0,0,0
"TX","2020-12-27",293,0,0,0
"VA","2020-12-27",5,0,0,0
"AL","2020-12-28",7,0,0,0
"AZ","2020-12-28",125,1,1,0
"CA","2020-12-28",1211,4,4,3
"FL","2020-12-28",860,12,12,6
"GA","2020-12-28",425,0,0,0
"IL","2020-12-28",5,0,0,0
"IN","2020-12-28",378,0,0,0
"KS","2020-12-28",3,0,0,0
"KY","2020-12-28",5,0,0,0
"LA","2020-12-28",67,1,1,0
"MA","2020-12-28",111,4,4,0
"MD","2020-12-28",10,0,0,0
"MI","2020-12-28",71,0,0,0
"MO","2020-12-28",3,0,0,0
"NC","2020-12-28",287,0,0,0
"NJ","2020-12-28",8,0,0,0
"NV","2020-12-28",5,0,0,0
"NY","2020-12-28",18,0,0,0
"OH","2020-12-28",10,0,0,0
"OK","2020-12-28",4,0,0,0
"PA","2020-12-28",270,1,1,1
"SC","2020-12-28",4,0,0,0
"TN","2020-12-28",3,0,0,0
"TX","2020-12-28",331,0,0,0
"VA","2020-12-28",5,0,0,0
"AL","2020-12-29",12,0,0,0
"AZ","2020-12-29",145,0,0,0
"CA","2020-12-29",1465,11,11,7
"DE","2020-12-29",3,0,0,0
"FL","2020-12-29",832,13,13,5
"GA","2020-12-29",439,1,1,1
"HI","2020-12-29",4,0,0,0
"IL","2020-12-29",13,0,0,0
"IN","2020-12-29",386,0,0,0
"KY","2020-12-29",8,0,0,0
"LA","2020-12-29",82,0,0,0
"MA","2020-12-29",107,4,4,0
"MD","2020-12-29",6,0,0,0
"MI","2020-12-29",76,0,0,0
"MS","2020-12-29",3,0,0,0
"NC","2020-12-29",341,0,0,0
"NJ","2020-12-29",9,0,0,0
"NM","2020-12-29",3,0,0,0
"NV","2020-12-29",5,0,0,0
"NY","2020-12-29",8,0,0,0
"OH","2020-12-29",15,0,0,0
"PA","2020-12-29",293,2,2,0
"SC","2020-12-29",8,0,0,0
"TN","2020-12-29",10,0,0,0
"TX","2020-12-29",361,0,0,0
"VA","2020-12-29",14,0,0,0
"WA","2020-12-29",4,0,0,0
"WI","2020-12-29",8,0,0,0
"AL","2020-12-30",11,0,0,0
"AZ","2020-12-30",126,0,0,0
"CA","2020-12-30",1456,8,7,4
"CO","2020-12-30",4,0,0,0
"CT","2020-12-30",3,0,0,0
"FL","2020-12-30",767,11,11,7
"GA","2020-12-30",398,0,0,0
"IL","2020-12-30",6,0,0,0
"IN","2020-12-30",384,0,0,0
"KY","2020-12-30",4,0,0,0
"LA","2020-12-30",77,0,0,0
"MA","2020-12-30",98,3,3,0
"MD","2020-12-30",3,0,0,0
"MI","2020-12-30",95,0,0,0
"MO","2020-12-30",4,0,0,0
"NC","2020-12-30",270,1,1,0
"NJ","2020-12-30",5,0,0,0
"NY","2020-12-30",13,0,0,0
"OH","2020-12-30",12,0,0,0
"PA","2020-12-30",272,1,1,0
"TN","2020-12-30",5,0,0,0
"TX","2020-12-30",344,0,0,0
"VA","2020-12-30",5,0,0,0
"AL","2020-12-31",6,0,0,0
"AZ","2020-12-31",114,0,0,0
"CA","2020-12-31",1246,7,7,7
"FL","2020-12-31",726,15,15,7
"GA","2020-12-31",410,0,0,0
"IL","2020-12-31",14,0,0,0
"IN","2020-12-31",326,1,1,1
"KY","2020-12-31",7,0,0,0
"LA","2020-12-31",61,0,0,0
"MA","2020-12-31",90,5,5,0
"MI","2020-12-31",74,0,0,0
"MS","2020-12-31",3,0,0,0
"NC","2020-12-31",298,0,0,0
"NJ","2020-12-31",9,0,0,0
"NV","2020-12-31",8,0,0,0
"NY","2020-12-31",17,0,0,0
"OH","2020-12-31",11,0,0,0
"OK","2020-12-31",3,0,0,0
"OR","2020-12-31",3,0,0,0
"PA","2020-12-31",241,2,1,0
"SC","2020-12-31",4,0,0,0
"TN","2020-12-31",5,0,0,0
"TX","2020-12-31",243,0,0,0
"VA","2020-12-31",3,0,0,0
"WA","2020-12-31",8,0,0,0
"CA","2021-01-01",533,0,0,0
"AL","2021-01-02",9,1,1,0
"AZ","2021-01-02",115,0,0,0
"CA","2021-01-02",1092,7,4,4
"FL","2021-01-02",866,17,15,5
"GA","2021-01-02",440,1,1,0
"IL","2021-01-02",4,0,0,0
"IN","2021-01-02",443,0,0,0
"KY","2021-01-02",8,0,0,0
"LA","2021-01-02",95,1,1,0
"MA","2021-01-02",94,6,0,0
"MI","2021-01-02",98,0,0,0
"NC","2021-01-02",280,1,0,0
"NJ","2021-01-02",15,0,0,0
"NY","2021-01-02",10,0,0,0
"OH","2021-01-02",14,0,0,0
"PA","2021-01-02",321,0,0,0
"SC","2021-01-02",8,0,0,0
"TN","2021-01-02",10,0,0,0
"TX","2021-01-02",291,1,1,1
"VA","2021-01-02",5,0,0,0
"AL","2021-01-03",13,0,0,0
"AZ","2021-01-03",117,0,0,0
"CA","2021-01-03",1044,7,5,5
"FL","2021-01-03",768,14,9,2
"GA","2021-01-03",392,3,2,1
"IL","2021-01-03",5,0,0,0
"IN","2021-01-03",343,1,0,0
"KY","2021-01-03",6,0,0,0
"LA","2021-01-03",58,0,0,0
"MA","2021-01-03",92,2,1,0
"MD","2021-01-03",7,0,0,0
"MI","2021-01-03",112,0,0,0
"MS","2021-01-03",5,0,0,0
"NC","2021-01-03",211,0,0,0
"NJ","2021-01-03",6,0,0,0
"NY","2021-01-03",14,0,0,0
"OH","2021-01-03",11,0,0,0
"PA","2021-01-03",279,0,0,0
"TN","2021-01-03",4,0,0,0
"TX","2021-01-03",255,0,0,0
"VA","2021-01-03",6,0,0,0
"WA","2021-01-03",3,0,0,0
"AL","2021-01-04",6,0,0,0
"AR","2021-01-04",3,0,0,0
"AZ","2021-01-04",160,0,0,0
"CA","2021-01-04",1607,5,1,1
"CT","2021-01-04",3,0,0,0
"FL","2021-01-04",1046,12,9,3
"GA","2021-01-04",478,3,3,2
"IL","2021-01-04",11,0,0,0
"IN","2021-01-04",409,2,2,2
"KY","2021-01-04",9,0,0,0
"LA","2021-01-04",72,1,1,0
"MA","2021-01-04",97,5,5,0
"MD","2021-01-04",3,0,0,0
"MI","2021-01-04",85,0,0,0
"MO","2021-01-04",3,0,0,0
"NC","2021-01-04",311,0,0,0
"NJ","2021-01-04",7,0,0,0
"NY","2021-01-04",5,0,0,0
"OH","2021-01-04",7,0,0,0
"PA","2021-01-04",304,3,3,0
"SC","2021-01-04",8,0,0,0
"TX","2021-01-04",370,1,1,0
"AL","2021-01-05",14,0,0,0
"AR","2021-01-05",3,0,0,0
"AZ","2021-01-05",130,0,0,0
"CA","2021-01-05",1388,20,19,15
"DE","2021-01-05",4,0,0,0
"FL","2021-01-05",857,13,12,4
"GA","2021-01-05",459,1,1,1
"IL","2021-01-05",16,0,0,0
"IN","2021-01-05",373,1,1,0
"KY","2021-01-05",9,0,0,0
"LA","2021-01-05",61,0,0,0
"MA","2021-01-05",120,2,2,0
"MI","2021-01-05",89,0,0,0
"MO","2021-01-05",3,0,0,0
"MS","2021-01-05",4,0,0,0
"NC","2021-01-05",303,1,1,0
"NJ","2021-01-05",14,0,0,0
"NV","2021-01-05",10,0,0,0
"NY","2021-01-05",14,0,0,0
"OH","2021-01-05",14,0,0,0
"PA","2021-01-05",330,2,2,1
"RI","2021-01-05",3,0,0,0
"SC","2021-01-05",14,0,0,0
"TN","2021-01-05",6,0,0,0
"TX","2021-01-05",279,0,0,0
"VA","2021-01-05",6,0,0,0
"WA","2021-01-05",5,0,0,0
"AL","2021-01-06",6,0,0,0
"AZ","2021-01-06",125,0,0,0
"CA","2021-01-06",1288,7,7,4
"FL","2021-01-06",776,9,8,2
"GA","2021-01-06",398,3,3,1
"IL","2021-01-06",12,0,0,0
"IN","2021-01-06",298,1,1,0
"LA","2021-01-06",64,0,0,0
"MA","2021-01-06",118,4,4,1
"MD","2021-01-06",4,0,0,0
"MI","2021-01-06",79,0,0,0
"NC","2021-01-06",269,2,1,0
"NJ","2021-01-06",13,0,0,0
"NV","2021-01-06",3,0,0,0
"NY","2021-01-06",12,0,0,0
"OH","2021-01-06",3,0,0,0
"PA","2021-01-06",304,3,3,0
"SC","2021-01-06",11,0,0,0
"TN","2021-01-06",5,0,0,0
"TX","2021-01-06",279,0,0,0
"VA","2021-01-06",3,0,0,0
"AL","2021-01-07",7,0,0,0
"AR","2021-01-07",4,0,0,0
"AZ","2021-01-07",117,0,0,0
"CA","2021-01-07",1188,10,9,9
"CT","2021-01-07",3,0,0,0
"FL","2021-01-07",717,18,1,0
"GA","2021-01-07",368,1,0,0
"IL","2021-01-07",15,0,0,0
"IN","2021-01-07",338,0,0,0
"KY","2021-01-07",5,0,0,0
"LA","2021-01-07",51,0,0,0
"MA","2021-01-07",116,3,0,0
"MD","2021-01-07",5,0,0,0
"MI","2021-01-07",69,0,0,0
"MN","2021-01-07",5,0,0,0
"MO","2021-01-07",4,0,0,0
"NC","2021-01-07",285,1,0,0
"NJ","2021-01-07",12,0,0,0
"NV","2021-01-07",4,0,0,0
"NY","2021-01-07",11,0,0,0
"OH","2021-01-07",15,0,0,0
"OK","2021-01-07",4,0,0,0
"PA","2021-01-07",294,1,0,0
"SC","2021-01-07",4,0,0,0
"TN","2021-01-07",10,0,0,0
"TX","2021-01-07",266,0,0,0
"VA","2021-01-07",12,0,0,0
"WA","2021-01-07",6,0,0,0
"AL","2021-01-08",4,0,0,0
"AZ","2021-01-08",128,0,0,0
"CA","2021-01-08",983,9,0,0
"CT","2021-01-08",4,0,0,0
"DE","2021-01-08",3,0,0,0
"FL","2021-01-08",763,11,0,0
"GA","2021-01-08",324,3,0,0
"IL","2021-01-08",45,0,0,0
"IN","2021-01-08",268,0,0,0
"KY","2021-01-08",4,0,0,0
"LA","2021-01-08",58,0,0,0
"MA","2021-01-08",98,5,0,0
"MI","2021-01-08",67,0,0,0
"MN","2021-01-08",9,0,0,0
"NC","2021-01-08",220,1,0,0
"NJ","2021-01-08",12,0,0,0
"NY","2021-01-08",7,0,0,0
"OH","2021-01-08",12,0,0,0
"OK","2021-01-08",7,0,0,0
"PA","2021-01-08",311,0,0,0
"SC","2021-01-08",3,0,0,0
"TX","2021-01-08",251,2,0,0
"AZ","2021-01-09",109,0,0,0
"CA","2021-01-09",798,0,0,0
"FL","2021-01-09",556,12,0,0
"GA","2021-01-09",267,1,0,0
"IL","2021-01-09",26,0,0,0
"IN","2021-01-09",272,0,0,0
"LA","2021-01-09",34,1,0,0
"MA","2021-01-09",88,2,0,0
"MI","2021-01-09",62,0,0,0
"MN","2021-01-09",7,0,0,0
"NC","2021-01-09",209,0,0,0
"NJ","2021-01-09",9,0,0,0
"NY","2021-01-09",3,0,0,0
"OH","2021-01-09",10,0,0,0
"PA","2021-01-09",239,1,0,0
"SC","2021-01-09",5,0,0,0
"TX","2021-01-09",205,0,0,0
"VA","2021-01-09",6,0,0,0
"WA","2021-01-09",4,0,0,0
"AZ","2021-01-10",81,0,0,0
"CA","2021-01-10",643,7,0,0
"FL","2021-01-10",490,11,6,5
"GA","2021-01-10",221,0,0,0
"IL","2021-01-10",28,0,0,0
"IN","2021-01-10",256,0,0,0
"KY","2021-01-10",6,0,0,0
"LA","2021-01-10",36,0,0,0
"MA","2021-01-10",83,3,2,0
"MI","2021-01-10",53,1,0,0
"MN","2021-01-10",8,0,0,0
"NC","2021-01-10",171,1,1,0
"NJ","2021-01-10",6,0,0,0
"NY","2021-01-10",3,0,0,0
"OH","2021-01-10",7,0,0,0
"PA","2021-01-10",184,3,2,1
"TX","2021-01-10",191,0,0,0
"AL","2021-01-11",4,0,0,0
"AZ","2021-01-11",163,0,0,0
"CA","2021-01-11",1035,12,7,7
"FL","2021-01-11",769,14,13,11
"GA","2021-01-11",357,2,2,2
"IL","2021-01-11",33,0,0,0
"IN","2021-01-11",264,0,0,0
"LA","2021-01-11",41,1,1,1
"MA","2021-01-11",123,9,9,0
"MI","2021-01-11",63,1,1,1
"MN","2021-01-11",20,0,0,0
"NC","2021-01-11",243,1,1,1
"NJ","2021-01-11",5,0,0,0
"NV","2021-01-11",3,0,0,0
"NY","2021-01-11",10,0,0,0
"OH","2021-01-11",12,0,0,0
"PA","2021-01-11",277,1,1,0
"TX","2021-01-11",254,0,0,0
"WI","2021-01-11",3,0,0,0
"AL","2021-01-12",9,0,0,0
"AZ","2021-01-12",133,0,0,0
"CA","2021-01-12",872,9,9,7
"CO","2021-01-12",5,0,0,0
"DE","2021-01-12",4,0,0,0
"FL","2021-01-12",610,13,13,10
"GA","2021-01-12",353,3,2,2
"IL","2021-01-12",43,0,0,0
"IN","2021-01-12",254,0,0,0
"KY","2021-01-12",3,0,0,0
"LA","2021-01-12",45,0,0,0
"MA","2021-01-12",102,1,1,0
"MI","2021-01-12",54,1,1,1
"MN","2021-01-12",12,0,0,0
"MO","2021-01-12",5,0,0,0
"MS","2021-01-12",5,0,0,0
"NC","2021-01-12",260,0,0,0
"NJ","2021-01-12",10,0,0,0
"NM","2021-01-12",3,0,0,0
"NV","2021-01-12",10,0,0,0
"NY","2021-01-12",5,0,0,0
"OH","2021-01-12",13,1,1,0
"PA","2021-01-12",249,0,0,0
"RI","2021-01-12",3,0,0,0
"SC","2021-01-12",12,0,0,0
"TN","2021-01-12",5,0,0,0
"TX","2021-01-12",249,0,0,0
"VA","2021-01-12",12,0,0,0
"WA","2021-01-12",3,0,0,0
"WI","2021-01-12",4,0,0,0
"AL","2021-01-13",6,0,0,0
"AZ","2021-01-13",93,1,1,0
"CA","2021-01-13",847,4,4,4
"FL","2021-01-13",609,13,13,7
"GA","2021-01-13",270,1,1,0
"IL","2021-01-13",39,0,0,0
"IN","2021-01-13",212,0,0,0
"LA","2021-01-13",29,0,0,0
"MA","2021-01-13",74,0,0,0
"MI","2021-01-13",47,0,0,0
"MN","2021-01-13",11,0,0,0
"MO","2021-01-13",5,0,0,0
"NC","2021-01-13",219,0,0,0
"NJ","2021-01-13",12,0,0,0
"NY","2021-01-13",12,0,0,0
"OH","2021-01-13",6,0,0,0
"PA","2021-01-13",218,0,0,0
"SC","2021-01-13",3,0,0,0
"TX","2021-01-13",214,0,0,0
"VA","2021-01-13",4,0,0,0
"AL","2021-01-14",8,0,0,0
"AR","2021-01-14",3,0,0,0
"AZ","2021-01-14",105,0,0,0
"CA","2021-01-14",814,12,11,10
"CT","2021-01-14",3,0,0,0
"FL","2021-01-14",641,16,16,12
"GA","2021-01-14",311,7,7,6
"IL","2021-01-14",44,0,0,0
"IN","2021-01-14",228,0,0,0
"KY","2021-01-14",6,0,0,0
"LA","2021-01-14",34,0,0,0
"MA","2021-01-14",118,2,2,0
"MI","2021-01-14",47,0,0,0
"MN","2021-01-14",9,0,0,0
"MS","2021-01-14",8,0,0,0
"NC","2021-01-14",247,2,2,2
"NJ","2021-01-14",10,0,0,0
"NV","2021-01-14",6,0,0,0
"NY","2021-01-14",3,0,0,0
"OH","2021-01-14",12,0,0,0
"PA","2021-01-14",247,5,5,0
"SC","2021-01-14",11,0,0,0
"TN","2021-01-14",3,0,0,0
"TX","2021-01-14",260,0,0,0
"VA","2021-01-14",7,0,0,0
"WA","2021-01-14",3,0,0,0
"AL","2021-01-15",7,0,0,0
"AZ","2021-01-15",92,0,0,0
"CA","2021-01-15",719,4,4,3
"FL","2021-01-15",611,17,17,10
"GA","2021-01-15",281,1,1,1
"IL","2021-01-15",32,0,0,0
"IN","2021-01-15",209,1,1,0
"LA","2021-01-15",26,0,0,0
"MA","2021-01-15",85,3,3,0
"MI","2021-01-15",34,0,0,0
"MN","2021-01-15",11,0,0,0
"MO","2021-01-15",3,0,0,0
"NC","2021-01-15",208,1,1,0
"NJ","2021-01-15",6,1,1,1
"NV","2021-01-15",3,1,1,0
"NY","2021-01-15",9,0,0,0
"OH","2021-01-15",7,0,0,0
"PA","2021-01-15",229,2,2,2
"SC","2021-01-15",5,0,0,0
"TX","2021-01-15",190,1,1,0
"AZ","2021-01-16",108,0,0,0
"CA","2021-01-16",629,13,13,11
"FL","2021-01-16",587,24,24,18
"GA","2021-01-16",259,2,2,1
"IL","2021-01-16",26,0,0,0
"IN","2021-01-16",197,0,0,0
"KY","2021-01-16",3,0,0,0
"LA","2021-01-16",34,0,0,0
"MA","2021-01-16",92,2,2,1
"MD","2021-01-16",5,0,0,0
"MI","2021-01-16",42,0,0,0
"MN","2021-01-16",8,2,2,2
"MS","2021-01-16",3,0,0,0
"NC","2021-01-16",198,0,0,0
"NJ","2021-01-16",15,1,1,1
"NY","2021-01-16",10,2,2,1
"OH","2021-01-16",8,0,0,0
"PA","2021-01-16",208,2,2,1
"TX","2021-01-16",160,0,0,0
"VA","2021-01-16",7,1,1,1
"AZ","2021-01-17",80,0,0,0
"CA","2021-01-17",530,3,3,3
"FL","2021-01-17",508,17,17,16
"GA","2021-01-17",234,1,1,0
"IL","2021-01-17",26,0,0,0
"IN","2021-01-17",215,0,0,0
"LA","2021-01-17",20,0,0,0
"MA","2021-01-17",66,0,0,0
"MD","2021-01-17",4,0,0,0
"MI","2021-01-17",37,0,0,0
"MN","2021-01-17",11,0,0,0
"NC","2021-01-17",174,1,1,1
"NJ","2021-01-17",13,0,0,0
"NY","2021-01-17",8,1,1,1
"PA","2021-01-17",163,1,1,1
"TX","2021-01-17",184,2,2,1
"AL","2021-01-18",5,0,0,0
"AZ","2021-01-18",125,0,0,0
"CA","2021-01-18",835,6,6,5
"FL","2021-01-18",703,28,26,19
"GA","2021-01-18",306,2,2,2
"IL","2021-01-18",41,0,0,0
"IN","2021-01-18",202,1,1,1
"LA","2021-01-18",33,0,0,0
"MA","2021-01-18",103,0,0,0
"MD","2021-01-18",5,0,0,0
"MI","2021-01-18",35,0,0,0
"MN","2021-01-18",8,0,0,0
"NC","2021-01-18",265,0,0,0
"NJ","2021-01-18",9,0,0,0
"NY","2021-01-18",6,0,0,0
"OH","2021-01-18",3,0,0,0
"PA","2021-01-18",223,3,2,1
"RI","2021-01-18",4,0,0,0
"SC","2021-01-18",6,0,0,0
"TN","2021-01-18",3,0,0,0
"TX","2021-01-18",285,2,2,2
"AL","2021-01-19",11,0,0,0
"AZ","2021-01-19",141,1,0,0
"CA","2021-01-19",667,10,9,8
"CO","2021-01-19",3,0,0,0
"FL","2021-01-19",613,25,19,18
"GA","2021-01-19",282,5,2,2
"IL","2021-01-19",35,0,0,0
"IN","2021-01-19",211,0,0,0
"KY","2021-01-19",7,0,0,0
"LA","2021-01-19",23,0,0,0
"MA","2021-01-19",100,3,2,0
"MD","2021-01-19",6,0,0,0
"MI","2021-01-19",38,0,0,0
"MN","2021-01-19",9,0,0,0
"MS","2021-01-19",5,0,0,0
"NC","2021-01-19",280,2,1,0
"NJ","2021-01-19",13,0,0,0
"NV","2021-01-19",3,0,0,0
"NY","2021-01-19",11,0,0,0
"OH","2021-01-19",11,0,0,0
"OR","2021-01-19",3,0,0,0
"PA","2021-01-19",275,3,1,0
"SC","2021-01-19",11,0,0,0
"TN","2021-01-19",6,0,0,0
"TX","2021-01-19",227,0,0,0
"VA","2021-01-19",7,0,0,0
"WI","2021-01-19",5,0,0,0
"AL","2021-01-20",6,0,0,0
"AZ","2021-01-20",101,0,0,0
"CA","2021-01-20",682,12,7,7
"FL","2021-01-20",657,29,11,11
"GA","2021-01-20",285,4,2,1
"IL","2021-01-20",22,0,0,0
"IN","2021-01-20",186,0,0,0
"KY","2021-01-20",3,0,0,0
"LA","2021-01-20",36,0,0,0
"MA","2021-01-20",101,4,2,0
"MD","2021-01-20",5,0,0,0
"MI","2021-01-20",34,0,0,0
"MN","2021-01-20",5,0,0,0
"NC","2021-01-20",242,0,0,0
"NJ","2021-01-20",10,0,0,0
"NM","2021-01-20",3,0,0,0
"NY","2021-01-20",16,0,0,0
"PA","2021-01-20",227,3,2,1
"TN","2021-01-20",3,0,0,0
"TX","2021-01-20",228,7,3,3
"AL","2021-01-21",5,0,0,0
"AR","2021-01-21",3,0,0,0
"AZ","2021-01-21",133,0,0,0
"CA","2021-01-21",674,20,1,1
"CT","2021-01-21",3,0,0,0
"FL","2021-01-21",664,36,6,4
"GA","2021-01-21",280,5,2,2
"IL","2021-01-21",27,1,1,0
"IN","2021-01-21",185,2,1,1
"KY","2021-01-21",5,0,0,0
"LA","2021-01-21",30,0,0,0
"MA","2021-01-21",84,1,1,0
"MI","2021-01-21",48,0,0,0
"MN","2021-01-21",13,0,0,0
"NC","2021-01-21",225,0,0,0
"NJ","2021-01-21",6,0,0,0
"NY","2021-01-21",6,1,1,1
"OH","2021-01-21",7,0,0,0
"OK","2021-01-21",3,0,0,0
"PA","2021-01-21",276,0,0,0
"SC","2021-01-21",3,0,0,0
"TX","2021-01-21",249,2,2,2
"WA","2021-01-21",3,0,0,0
"WI","2021-01-21",3,0,0,0
"AL","2021-01-22",10,0,0,0
"AZ","2021-01-22",97,2,1,0
"CA","2021-01-22",629,7,2,2
"FL","2021-01-22",711,27,6,5
"GA","2021-01-22",267,7,2,1
"IL","2021-01-22",27,2,1,0
"IN","2021-01-22",161,3,1,0
"LA","2021-01-22",26,1,1,1
"MA","2021-01-22",92,1,0,0
"MD","2021-01-22",4,0,0,0
"MI","2021-01-22",39,1,1,1
"MN","2021-01-22",9,0,0,0
"NC","2021-01-22",201,0,0,0
"NJ","2021-01-22",9,1,0,0
"NY","2021-01-22",10,0,0,0
"OH","2021-01-22",6,0,0,0
"OK","2021-01-22",4,0,0,0
"PA","2021-01-22",257,3,2,2
"SC","2021-01-22",3,0,0,0
"TX","2021-01-22",229,6,1,1
"VA","2021-01-22",4,0,0,0
"WI","2021-01-22",3,0,0,0
"AL","2021-01-23",5,0,0,0
"AZ","2021-01-23",79,0,0,0
"CA","2021-01-23",436,7,0,0
"FL","2021-01-23",525,26,26,26
"GA","2021-01-23",226,2,2,2
"IL","2021-01-23",25,2,2,1
"IN","2021-01-23",137,0,0,0
"LA","2021-01-23",24,0,0,0
"MA","2021-01-23",83,1,1,0
"MI","2021-01-23",23,0,0,0
"MN","2021-01-23",4,0,0,0
"MS","2021-01-23",4,0,0,0
"NC","2021-01-23",213,1,1,1
"NJ","2021-01-23",5,0,0,0
"OH","2021-01-23",5,0,0,0
"PA","2021-01-23",193,0,0,0
"SC","2021-01-23",4,0,0,0
"TN","2021-01-23",3,0,0,0
"TX","2021-01-23",208,0,0,0
"WI","2021-01-23",3,0,0,0
"AZ","2021-01-24",74,1,0,0
"CA","2021-01-24",422,12,1,0
"FL","2021-01-24",528,27,1,1
"GA","2021-01-24",232,5,0,0
"IL","2021-01-24",24,0,0,0
"IN","2021-01-24",149,0,0,0
"LA","2021-01-24",36,0,0,0
"MA","2021-01-24",45,1,0,0
"MI","2021-01-24",35,0,0,0
"MN","2021-01-24",7,0,0,0
"NC","2021-01-24",157,1,0,0
"NJ","2021-01-24",4,0,0,0
"NY","2021-01-24",4,1,0,0
"PA","2021-01-24",186,3,2,2
"TX","2021-01-24",158,0,0,0
"WI","2021-01-24",3,0,0,0
"AL","2021-01-25",4,0,0,0
"AZ","2021-01-25",116,0,0,0
"CA","2021-01-25",538,17,1,0
"FL","2021-01-25",701,50,3,2
"GA","2021-01-25",294,6,0,0
"IL","2021-01-25",3,1,0,0
"IN","2021-01-25",129,0,0,0
"LA","2021-01-25",38,1,1,1
"MA","2021-01-25",129,6,0,0
"MD","2021-01-25",3,0,0,0
"MI","2021-01-25",46,0,0,0
"MN","2021-01-25",9,0,0,0
"NC","2021-01-25",220,1,0,0
"NJ","2021-01-25",10,0,0,0
"NM","2021-01-25",3,0,0,0
"NY","2021-01-25",12,1,0,0
"OH","2021-01-25",3,0,0,0
"PA","2021-01-25",220,6,0,0
"SC","2021-01-25",5,0,0,0
"TX","2021-01-25",257,1,0,0
"VA","2021-01-25",3,0,0,0
"AL","2021-01-26",5,0,0,0
"AZ","2021-01-26",89,1,1,0
"CA","2021-01-26",545,13,2,2
"DE","2021-01-26",3,0,0,0
"FL","2021-01-26",605,34,32,31
"GA","2021-01-26",273,0,0,0
"IL","2021-01-26",23,0,0,0
"IN","2021-01-26",134,0,0,0
"KY","2021-01-26",6,0,0,0
"LA","2021-01-26",34,0,0,0
"MA","2021-01-26",92,1,1,1
"MI","2021-01-26",33,0,0,0
"MN","2021-01-26",12,0,0,0
"MS","2021-01-26",3,0,0,0
"NC","2021-01-26",216,3,3,3
"NJ","2021-01-26",5,0,0,0
"NV","2021-01-26",3,0,0,0
"NY","2021-01-26",3,0,0,0
"OH","2021-01-26",9,0,0,0
"PA","2021-01-26",233,2,2,1
"SC","2021-01-26",10,0,0,0
"TN","2021-01-26",6,0,0,0
"TX","2021-01-26",256,8,8,8
"WI","2021-01-26",3,0,0,0
"WV","2021-01-26",4,0,0,0
"AZ","2021-01-27",106,0,0,0
"CA","2021-01-27",541,8,0,0
"FL","2021-01-27",578,47,46,40
"GA","2021-01-27",240,3,2,2
"IL","2021-01-27",21,1,1,0
"IN","2021-01-27",114,1,1,0
"KY","2021-01-27",3,0,0,0
"LA","2021-01-27",34,0,0,0
"MA","2021-01-27",62,3,3,1
"MI","2021-01-27",33,0,0,0
"MN","2021-01-27",11,1,1,0
"NC","2021-01-27",201,3,3,3
"NJ","2021-01-27",5,0,0,0
"NY","2021-01-27",5,0,0,0
"OH","2021-01-27",4,0,0,0
"PA","2021-01-27",207,4,4,4
"SC","2021-01-27",3,0,0,0
"TX","2021-01-27",202,4,4,4
"AZ","2021-01-28",85,0,0,0
"CA","2021-01-28",535,11,1,1
"CT","2021-01-28",4,0,0,0
"FL","2021-01-28",609,44,43,38
"GA","2021-01-28",298,4,4,3
"IL","2021-01-28",32,0,0,0
"IN","2021-01-28",112,1,1,1
"KY","2021-01-28",5,0,0,0
"LA","2021-01-28",23,1,1,1
"MA","2021-01-28",77,1,1,0
"MI","2021-01-28",22,0,0,0
"MN","2021-01-28",5,0,0,0
"NC","2021-01-28",183,1,1,1
"NJ","2021-01-28",8,0,0,0
"NY","2021-01-28",5,0,0,0
"OH","2021-01-28",6,0,0,0
"PA","2021-01-28",222,0,0,0
"SC","2021-01-28",5,0,0,0
"TN","2021-01-28",4,0,0,0
"TX","2021-01-28",200,3,3,3
"VA","2021-01-28",6,0,0,0
"WI","2021-01-28",3,0,0,0
"AL","2021-01-29",7,0,0,0
"AZ","2021-01-29",82,1,0,0
"CA","2021-01-29",315,3,0,0
"FL","2021-01-29",518,41,1,1
"GA","2021-01-29",256,7,0,0
"IL","2021-01-29",26,2,0,0
"IN","2021-01-29",109,0,0,0
"LA","2021-01-29",13,0,0,0
"MA","2021-01-29",82,1,0,0
"MD","2021-01-29",3,0,0,0
"MI","2021-01-29",19,0,0,0
"MN","2021-01-29",9,0,0,0
"NC","2021-01-29",175,1,0,0
"NJ","2021-01-29",9,2,0,0
"NY","2021-01-29",4,0,0,0
"OH","2021-01-29",7,1,0,0
"PA","2021-01-29",224,5,1,1
"TN","2021-01-29",4,0,0,0
"TX","2021-01-29",164,2,0,0
"AZ","2021-01-30",71,1,0,0
"CA","2021-01-30",329,6,0,0
"FL","2021-01-30",472,31,0,0
"GA","2021-01-30",195,5,0,0
"IL","2021-01-30",21,1,0,0
"IN","2021-01-30",104,0,0,0
"KY","2021-01-30",3,0,0,0
"LA","2021-01-30",23,0,0,0
"MA","2021-01-30",82,1,0,0
"MD","2021-01-30",3,0,0,0
"MI","2021-01-30",21,0,0,0
"MN","2021-01-30",4,0,0,0
"MS","2021-01-30",3,0,0,0
"NC","2021-01-30",155,1,0,0
"NJ","2021-01-30",13,1,0,0
"NY","2021-01-30",5,0,0,0
"OH","2021-01-30",4,1,0,0
"PA","2021-01-30",191,2,0,0
"SC","2021-01-30",7,0,0,0
"TX","2021-01-30",164,2,0,0
"AZ","2021-01-31",41,0,0,0
"CA","2021-01-31",264,5,0,0
"FL","2021-01-31",387,37,0,0
"GA","2021-01-31",198,3,0,0
"IL","2021-01-31",14,0,0,0
"IN","2021-01-31",74,1,0,0
"KY","2021-01-31",3,0,0,0
"LA","2021-01-31",10,1,0,0
"MA","2021-01-31",56,0,0,0
"MI","2021-01-31",22,0,0,0
"MN","2021-01-31",3,0,0,0
"NC","2021-01-31",147,0,0,0
"NJ","2021-01-31",3,0,0,0
"NY","2021-01-31",4,0,0,0
"PA","2021-01-31",203,3,0,0
"TX","2021-01-31",138,1,0,0
"AL","2021-02-01",3,0,0,0
"AZ","2021-02-01",81,0,0,0
"CA","2021-02-01",426,9,0,0
"FL","2021-02-01",538,51,0,0
"GA","2021-02-01",271,15,0,0
"IL","2021-02-01",30,2,0,0
"IN","2021-02-01",106,0,0,0
"LA","2021-02-01",23,0,0,0
"MA","2021-02-01",115,0,0,0
"MI","2021-02-01",33,0,0,0
"MN","2021-02-01",8,2,0,0
"NC","2021-02-01",183,2,0,0
"NJ","2021-02-01",3,0,0,0
"NY","2021-02-01",3,0,0,0
"OH","2021-02-01",5,0,0,0
"PA","2021-02-01",140,2,0,0
"SC","2021-02-01",5,0,0,0
"TN","2021-02-01",7,0,0,0
"TX","2021-02-01",207,5,0,0
"AL","2021-02-02",5,0,0,0
"AZ","2021-02-02",79,0,0,0
"CA","2021-02-02",434,16,0,0
"DE","2021-02-02",4,0,0,0
"FL","2021-02-02",515,49,0,0
"GA","2021-02-02",209,4,0,0
"IL","2021-02-02",22,0,0,0
"IN","2021-02-02",103,0,0,0
"KY","2021-02-02",4,0,0,0
"LA","2021-02-02",17,0,0,0
"MA","2021-02-02",99,5,0,0
"MI","2021-02-02",34,0,0,0
"MN","2021-02-02",7,0,0,0
"NC","2021-02-02",178,3,0,0
"NV","2021-02-02",4,0,0,0
"NY","2021-02-02",4,1,0,0
"OH","2021-02-02",6,0,0,0
"PA","2021-02-02",165,0,0,0
"SC","2021-02-02",9,0,0,0
"TN","2021-02-02",7,0,0,0
"TX","2021-02-02",179,6,0,0
"WI","2021-02-02",3,0,0,0
"AZ","2021-02-03",64,0,0,0
"CA","2021-02-03",399,14,0,0
"FL","2021-02-03",409,56,0,0
"GA","2021-02-03",219,13,0,0
"IL","2021-02-03",10,0,0,0
"IN","2021-02-03",95,1,0,0
"LA","2021-02-03",18,0,0,0
"MA","2021-02-03",87,4,0,0
"MI","2021-02-03",25,0,0,0
"MN","2021-02-03",6,0,0,0
"NC","2021-02-03",156,1,0,0
"NJ","2021-02-03",5,0,0,0
"NY","2021-02-03",9,0,0,0
"OH","2021-02-03",4,0,0,0
"PA","2021-02-03",273,8,0,0
"SC","2021-02-03",6,0,0,0
"TX","2021-02-03",175,11,0,0
"WV","2021-02-03",3,0,0,0
"AZ","2021-02-04",54,1,0,0
"CA","2021-02-04",356,16,0,0
"DE","2021-02-04",3,0,0,0
"FL","2021-02-04",385,41,0,0
"GA","2021-02-04",208,7,0,0
"IL","2021-02-04",17,0,0,0
"IN","2021-02-04",93,2,0,0
"LA","2021-02-04",22,0,0,0
"MA","2021-02-04",101,5,0,0
"MD","2021-02-04",3,0,0,0
"MI","2021-02-04",29,1,0,0
"MN","2021-02-04",13,0,0,0
"NC","2021-02-04",156,0,0,0
"NJ","2021-02-04",9,0,0,0
"NV","2021-02-04",3,0,0,0
"NY","2021-02-04",4,0,0,0
"OH","2021-02-04",7,0,0,0
"PA","2021-02-04",213,9,0,0
"TN","2021-02-04",6,1,0,0
"TX","2021-02-04",167,12,0,0
"VA","2021-02-04",4,0,0,0
"AL","2021-02-05",5,0,0,0
"AZ","2021-02-05",59,0,0,0
"CA","2021-02-05",268,10,0,0
"CT","2021-02-05",3,0,0,0
"FL","2021-02-05",392,49,0,0
"GA","2021-02-05",189,5,0,0
"IL","2021-02-05",24,0,0,0
"IN","2021-02-05",69,1,0,0
"LA","2021-02-05",16,0,0,0
"MA","2021-02-05",102,2,0,0
"MI","2021-02-05",24,1,0,0
"MN","2021-02-05",7,0,0,0
"NC","2021-02-05",136,1,0,0
"NJ","2021-02-05",5,0,0,0
"NY","2021-02-05",8,1,0,0
"PA","2021-02-05",204,1,0,0
"TX","2021-02-05",131,6,0,0
"AZ","2021-02-06",40,0,0,0
"CA","2021-02-06",191,9,0,0
"FL","2021-02-06",362,39,0,0
"GA","2021-02-06",157,6,0,0
"IL","2021-02-06",18,0,0,0
"IN","2021-02-06",64,2,0,0
"LA","2021-02-06",8,1,0,0
"MA","2021-02-06",70,1,0,0
"MI","2021-02-06",18,0,0,0
"MN","2021-02-06",6,0,0,0
"MS","2021-02-06",5,0,0,0
"NC","2021-02-06",125,1,0,0
"NJ","2021-02-06",6,1,0,0
"NY","2021-02-06",3,0,0,0
"PA","2021-02-06",193,5,0,0
"TX","2021-02-06",113,4,0,0
"VA","2021-02-06",4,0,0,0
"AL","2021-02-07",3,1,0,0
"AZ","2021-02-07",40,0,0,0
"CA","2021-02-07",210,3,0,0
"FL","2021-02-07",341,39,0,0
"GA","2021-02-07",137,7,0,0
"IL","2021-02-07",12,0,0,0
"IN","2021-02-07",80,2,0,0
"LA","2021-02-07",8,0,0,0
"MA","2021-02-07",74,1,0,0
"MI","2021-02-07",13,1,0,0
"MN","2021-02-07",6,0,0,0
"NC","2021-02-07",117,0,0,0
"NJ","2021-02-07",4,0,0,0
"NY","2021-02-07",7,1,0,0
"PA","2021-02-07",99,4,0,0
"TX","2021-02-07",109,3,0,0
"AL","2021-02-08",4,0,0,0
"AZ","2021-02-08",48,1,0,0
"CA","2021-02-08",276,14,0,0
"CT","2021-02-08",3,0,0,0
"FL","2021-02-08",425,59,0,0
"GA","2021-02-08",173,11,0,0
"IL","2021-02-08",9,0,0,0
"IN","2021-02-08",86,2,0,0
"LA","2021-02-08",9,1,0,0
"MA","2021-02-08",75,1,0,0
"MD","2021-02-08",3,0,0,0
"MI","2021-02-08",22,0,0,0
"MN","2021-02-08",15,0,0,0
"NC","2021-02-08",126,0,0,0
"NJ","2021-02-08",5,0,0,0
"NY","2021-02-08",3,0,0,0
"PA","2021-02-08",165,4,0,0
"SC","2021-02-08",3,0,0,0
"TN","2021-02-08",3,0,0,0
"TX","2021-02-08",128,11,0,0
"AL","2021-02-09",4,0,0,0
"AZ","2021-02-09",51,1,0,0
"CA","2021-02-09",286,15,0,0
"FL","2021-02-09",386,61,0,0
"GA","2021-02-09",151,11,0,0
"IL","2021-02-09",12,1,0,0
"IN","2021-02-09",64,0,0,0
"KY","2021-02-09",5,0,0,0
"LA","2021-02-09",12,0,0,0
"MA","2021-02-09",65,1,0,0
"MI","2021-02-09",11,0,0,0
"MN","2021-02-09",11,0,0,0
"NC","2021-02-09",110,1,0,0
"NJ","2021-02-09",8,1,0,0
"NV","2021-02-09",4,0,0,0
"OH","2021-02-09",3,0,0,0
"PA","2021-02-09",148,4,0,0
"SC","2021-02-09",8,0,0,0
"TX","2021-02-09",128,7,0,0
"AZ","2021-02-10",35,2,0,0
"CA","2021-02-10",249,10,0,0
"FL","2021-02-10",7,1,0,0
"NJ","2021-02-10",3,0,0,0
"PA","2021-02-10",71,0,0,0
"TX","2021-02-10",30,0,0,0
"CA","2021-02-11",19,1,0,0
