nhs_name,date,sgtfv
East of England,2020-08-01,4.60647929894948e-05
East of England,2020-08-02,5.12053135957185e-05
East of England,2020-08-03,5.69195805688918e-05
East of England,2020-08-04,6.32716379724624e-05
East of England,2020-08-05,7.03326785044836e-05
East of England,2020-08-06,7.8181841169523e-05
East of England,2020-08-07,8.69070978730259e-05
East of England,2020-08-08,9.66062388284538e-05
East of England,2020-08-09,0.000107387967761959
East of England,2020-08-10,0.000119373119113559
East of England,2020-08-11,0.000132696010780523
East of England,2020-08-12,0.000147505947442006
East of England,2020-08-13,0.000163968891159385
East of England,2020-08-14,0.000182269317781187
East of England,2020-08-15,0.000202612279713582
East of England,2020-08-16,0.000225225697867454
East of England,2020-08-17,0.00025036290808336
East of England,2020-08-18,0.000278305490090298
East of England,2020-08-19,0.000309366410099563
East of England,2020-08-20,0.000343893511499362
East of England,2020-08-21,0.000382273391830109
East of England,2020-08-22,0.000424935708317227
East of England,2020-08-23,0.000472357958753194
East of England,2020-08-24,0.000525070789490673
East of England,2020-08-25,0.000583663887773338
East of England,2020-08-26,0.000648792521631515
East of England,2020-08-27,0.000721184797148279
East of England,2020-08-28,0.00080164971010142
East of England,2020-08-29,0.000891086076850525
East of England,2020-08-30,0.000990492437908009
East of England,2020-08-31,0.0011009780369471
East of England,2020-09-01,0.00122377498809261
East of England,2020-09-02,0.00136025175523834
East of England,2020-09-03,0.00151192807885449
East of England,2020-09-04,0.00168049149828997
East of England,2020-09-05,0.0018678156309198
East of England,2020-09-06,0.00207598038359003
East of England,2020-09-07,0.00230729428659155
East of England,2020-09-08,0.00256431915572269
East of England,2020-09-09,0.00284989730369501
East of England,2020-09-10,0.00316718153793825
East of England,2020-09-11,0.00351966819741967
East of England,2020-09-12,0.00391123349594415
East of England,2020-09-13,0.00434617345293646
East of England,2020-09-14,0.00482924770414358
East of England,2020-09-15,0.00536572749303469
East of England,2020-09-16,0.00596144814766448
East of England,2020-09-17,0.00662286634583182
East of England,2020-09-18,0.00735712246157107
East of England,2020-09-19,0.00817210826597396
East of England,2020-09-20,0.00907654022215931
East of England,2020-09-21,0.0100800385643879
East of England,2020-09-22,0.011193212280682
East of England,2020-09-23,0.0124277500219045
East of England,2020-09-24,0.0137965168322841
East of England,2020-09-25,0.0153136564301441
East of England,2020-09-26,0.0169946985554505
East of England,2020-09-27,0.0188566706341879
East of England,2020-09-28,0.0209182126790895
East of England,2020-09-29,0.0231996939418746
East of England,2020-09-30,0.0257233293435579
East of England,2020-10-01,0.0285132931265435
East of England,2020-10-02,0.0315958264861188
East of England,2020-10-03,0.0349993351428577
East of England,2020-10-04,0.0387544719083273
East of England,2020-10-05,0.0428941982771693
East of England,2020-10-06,0.0474538179602594
East of England,2020-10-07,0.0524709740789198
East of England,2020-10-08,0.0579856005069202
East of England,2020-10-09,0.0640398166324033
East of England,2020-10-10,0.0706777536965683
East of England,2020-10-11,0.0779452999581206
East of England,2020-10-12,0.0858897513708261
East of England,2020-10-13,0.0945593544162979
East of England,2020-10-14,0.104002728405272
East of England,2020-10-15,0.114268156170871
East of England,2020-10-16,0.125402734859425
East of England,2020-10-17,0.137451382700324
East of England,2020-10-18,0.15045570338764
East of England,2020-10-19,0.164452717135882
East of England,2020-10-20,0.179473476558151
East of England,2020-10-21,0.19554159606144
East of England,2020-10-22,0.212671735044028
East of England,2020-10-23,0.230868087142329
East of England,2020-10-24,0.250122939172421
East of England,2020-10-25,0.270415373068507
East of England,2020-10-26,0.291710190694833
East of England,2020-10-27,0.313957143516486
East of England,2020-10-28,0.337090545510496
East of England,2020-10-29,0.361029337478159
East of England,2020-10-30,0.385677653737858
East of England,2020-10-31,0.410925918431002
East of England,2020-11-01,0.436652469602943
East of England,2020-11-02,0.462725676898966
East of England,2020-11-03,0.489006485894849
East of England,2020-11-04,0.515351291901554
East of England,2020-11-05,0.541615021674929
East of England,2020-11-06,0.567654285505049
East of England,2020-11-07,0.593330456483588
East of England,2020-11-08,0.618512539035885
East of England,2020-11-09,0.643079704484315
East of England,2020-11-10,0.666923395736517
East of England,2020-11-11,0.689948933519067
East of England,2020-11-12,0.712076589752392
East of England,2020-11-13,0.733242126477945
East of England,2020-11-14,0.753396828355176
East of England,2020-11-15,0.772507080970123
East of England,2020-11-16,0.790553564716768
East of England,2020-11-17,0.807530144381757
East of England,2020-11-18,0.823442538117067
East of England,2020-11-19,0.838306847151053
East of England,2020-11-20,0.852148020661859
East of England,2020-11-21,0.864998320159709
East of England,2020-11-22,0.876895835896667
East of England,2020-11-23,0.887883095468273
East of England,2020-11-24,0.898005792861238
East of England,2020-11-25,0.907311655424042
East of England,2020-11-26,0.915849457012321
East of England,2020-11-27,0.923668178076559
East of England,2020-11-28,0.930816307722809
East of England,2020-11-29,0.93734127866729
East of England,2020-11-30,0.943289023323296
East of England,2020-12-01,0.948703637765622
East of England,2020-12-02,0.953627139768269
East of England,2020-12-03,0.958099307272762
East of England,2020-12-04,0.962157584311134
East of England,2020-12-05,0.965837042405373
East of England,2020-12-06,0.969170386653989
East of England,2020-12-07,0.972187996988521
East of England,2020-12-08,0.974917996358624
East of England,2020-12-09,0.977386338828985
East of England,2020-12-10,0.979616911708615
East of England,2020-12-11,0.981631646862848
East of England,2020-12-12,0.983450637271167
East of England,2020-12-13,0.98509225568902
East of England,2020-12-14,0.986573272953249
East of England,2020-12-15,0.987908974046873
East of England,2020-12-16,0.989113270519468
East of England,2020-12-17,0.990198808255079
East of England,2020-12-18,0.991177069901401
East of England,2020-12-19,0.992058471532111
East of England,2020-12-20,0.992852453318483
East of England,2020-12-21,0.993567564145416
East of England,2020-12-22,0.994211540228449
East of England,2020-12-23,0.994791377878988
East of England,2020-12-24,0.995313400630586
East of England,2020-12-25,0.995783320984564
East of England,2020-12-26,0.996206297062771
East of England,2020-12-27,0.996586984472142
East of England,2020-12-28,0.996929583692893
East of England,2020-12-29,0.997237883301928
East of England,2020-12-30,0.997515299337266
East of England,2020-12-31,0.997764911099434
East of England,2021-01-01,0.997989493673198
East of England,2021-01-02,0.998191547438485
East of England,2021-01-03,0.998373324823749
East of England,2021-01-04,0.998536854538893
London,2020-08-01,3.37359406327474e-05
London,2020-08-02,3.75017018437943e-05
London,2020-08-03,4.16878895933901e-05
London,2020-08-04,4.63414483261609e-05
London,2020-08-05,5.15145644182507e-05
London,2020-08-06,5.72652513975151e-05
London,2020-08-07,6.36580004577251e-05
London,2020-08-08,7.076450354025e-05
London,2020-08-09,7.86644570640069e-05
London,2020-08-10,8.74464552806899e-05
London,2020-08-11,9.72089832270341e-05
London,2020-08-12,0.000108061520349749
London,2020-08-13,0.00012012576710349
London,2020-08-14,0.000133537008180733
London,2020-08-15,0.000148445627538857
London,2020-08-16,0.000165018792059825
London,2020-08-17,0.000183442322528586
London,2020-08-18,0.000203922772666696
London,2020-08-19,0.000226689739228058
London,2020-08-20,0.000251998428676689
London,2020-08-21,0.00028013250874648
London,2020-08-22,0.000311407276256593
London,2020-08-23,0.000346173175952201
London,2020-08-24,0.000384819708889919
London,2020-08-25,0.000427779773023653
London,2020-08-26,0.000475534483205637
London,2020-08-27,0.000528618522836785
London,2020-08-28,0.000587626084920364
London,2020-08-29,0.000653217466334892
London,2020-08-30,0.000726126385789463
London,2020-08-31,0.00080716810320113
London,2020-09-01,0.000897248426183516
London,2020-09-02,0.000997373698001059
London,2020-09-03,0.00110866187076434
London,2020-09-04,0.00123235477785393
London,2020-09-05,0.00136983173059126
London,2020-09-06,0.00152262457604284
London,2020-09-07,0.00169243436555093
London,2020-09-08,0.00188114979711301
London,2020-09-09,0.00209086760903906
London,2020-09-10,0.00232391511732192
London,2020-09-11,0.0025828751047357
London,2020-09-12,0.00287061328565003
London,2020-09-13,0.00319030858665561
London,2020-09-14,0.00354548649899206
London,2020-09-15,0.00394005577398706
London,2020-09-16,0.00437834874664905
London,2020-09-17,0.00486516558442033
London,2020-09-18,0.0054058227668929
London,2020-09-19,0.00600620610675529
London,2020-09-20,0.00667282862079587
London,2020-09-21,0.00741289355048378
London,2020-09-22,0.00823436281207864
London,2020-09-23,0.00914603112345704
London,2020-09-24,0.0101576060053493
London,2020-09-25,0.0112797937842142
London,2020-09-26,0.0125243916275157
London,2020-09-27,0.0139043855138014
London,2020-09-28,0.0154340538728687
London,2020-09-29,0.0171290764176165
London,2020-09-30,0.0190066474201034
London,2020-10-01,0.0210855923501646
London,2020-10-02,0.02338648638525
London,2020-10-03,0.0259317728041398
London,2020-10-04,0.0287458786842188
London,2020-10-05,0.0318553246223558
London,2020-10-06,0.0352888243855704
London,2020-10-07,0.0390773694656532
London,2020-10-08,0.0432542924636009
London,2020-10-09,0.0478553020753607
London,2020-10-10,0.0529184812118959
London,2020-10-11,0.0584842385014295
London,2020-10-12,0.0645952021473197
London,2020-10-13,0.0712960439333111
London,2020-10-14,0.0786332201898888
London,2020-10-15,0.0866546159047098
London,2020-10-16,0.0954090780545528
London,2020-10-17,0.104945824866702
London,2020-10-18,0.115313719321595
London,2020-10-19,0.126560398036979
London,2020-10-20,0.138731250970082
London,2020-10-21,0.151868253342736
London,2020-10-22,0.166008658958881
London,2020-10-23,0.181183573637367
London,2020-10-24,0.19741643863216
London,2020-10-25,0.214721466223671
London,2020-10-26,0.233102082424585
London,2020-10-27,0.252549443940487
London,2020-10-28,0.273041106877299
London,2020-10-29,0.294539931718675
London,2020-10-30,0.316993311278685
London,2020-10-31,0.340332804284736
London,2020-11-01,0.364474245963748
London,2020-11-02,0.389318388123952
London,2020-11-03,0.414752095219913
London,2020-11-04,0.440650091192643
London,2020-11-05,0.466877216861534
London,2020-11-06,0.493291122431332
London,2020-11-07,0.519745287786734
London,2020-11-08,0.546092238131436
London,2020-11-09,0.572186807060479
London,2020-11-10,0.597889295173772
London,2020-11-11,0.6230683803464
London,2020-11-12,0.64760365484355
London,2020-11-13,0.67138769240377
London,2020-11-14,0.694327582089448
London,2020-11-15,0.716345901554328
London,2020-11-16,0.737381136916571
London,2020-11-17,0.757387586691285
London,2020-11-18,0.776334811108244
London,2020-11-19,0.794206704481798
London,2020-11-20,0.811000276933213
London,2020-11-21,0.826724233316991
London,2020-11-22,0.841397432866908
London,2020-11-23,0.855047304359647
London,2020-11-24,0.867708280070667
London,2020-11-25,0.879420298930277
London,2020-11-26,0.890227416301357
London,2020-11-27,0.900176545618523
London,2020-11-28,0.909316346369447
London,2020-11-29,0.917696263901319
London,2020-11-30,0.925365719409647
London,2020-12-01,0.932373443152968
London,2020-12-02,0.938766940262889
London,2020-12-03,0.944592076247983
London,2020-12-04,0.949892768161391
London,2020-12-05,0.954710767158561
London,2020-12-06,0.959085518577992
London,2020-12-07,0.963054086530776
London,2020-12-08,0.96665113111685
London,2020-12-09,0.969908927665001
London,2020-12-10,0.972857418720641
London,2020-12-11,0.975524290808612
London,2020-12-12,0.977935069229955
London,2020-12-13,0.980113225281762
London,2020-12-14,0.982080291302452
London,2020-12-15,0.983855979835531
London,2020-12-16,0.985458303975014
London,2020-12-17,0.986903696611593
London,2020-12-18,0.988207126849831
London,2020-12-19,0.989382212323743
London,2020-12-20,0.990441326512609
London,2020-12-21,0.99139570046162
London,2020-12-22,0.992255518553515
London,2020-12-23,0.993030008167315
London,2020-12-24,0.993727523207037
London,2020-12-25,0.994355621594493
London,2020-12-26,0.9949211369024
London,2020-12-27,0.995430244362617
London,2020-12-28,0.995888521524065
London,2020-12-29,0.996301003859753
London,2020-12-30,0.996672235635521
London,2020-12-31,0.997006316357377
London,2021-01-01,0.997306943111749
London,2021-01-02,0.997577449105455
London,2021-01-03,0.997820838701043
London,2021-01-04,0.998039819229548
Midlands,2020-08-01,1.77534108317448e-05
Midlands,2020-08-02,1.97338137286973e-05
Midlands,2020-08-03,2.19351794527405e-05
Midlands,2020-08-04,2.4382166572919e-05
Midlands,2020-08-05,2.71021858344213e-05
Midlands,2020-08-06,3.01257073400369e-05
Midlands,2020-08-07,3.34866020099805e-05
Midlands,2020-08-08,3.72225211424458e-05
Midlands,2020-08-09,4.13753183227186e-05
Midlands,2020-08-10,4.59915184013119e-05
Midlands,2020-08-11,5.11228387865676e-05
Midlands,2020-08-12,5.68267688802365e-05
Midlands,2020-08-13,6.31672141320647e-05
Midlands,2020-08-14,7.02152119084022e-05
Midlands,2020-08-15,7.80497271681002e-05
Midlands,2020-08-16,8.67585368250669e-05
Midlands,2020-08-17,9.64392126603182e-05
Midlands,2020-08-18,0.000107200213737672
Midlands,2020-08-19,0.000119162100487953
Midlands,2020-08-20,0.000132458883969478
Midlands,2020-08-21,0.000147239525301635
Midlands,2020-08-22,0.000163669601919095
Midlands,2020-08-23,0.000181933159123383
Midlands,2020-08-24,0.000202234767434907
Midlands,2020-08-25,0.000224801808492243
Midlands,2020-08-26,0.000249887014728797
Midlands,2020-08-27,0.000277771290804026
Midlands,2020-08-28,0.000308766847803326
Midlands,2020-08-29,0.000343220684576117
Midlands,2020-08-30,0.000381518454285937
Midlands,2020-08-31,0.000424088758332698
Midlands,2020-09-01,0.000471407914310582
Midlands,2020-09-02,0.000524005249622944
Midlands,2020-09-03,0.000582468977827281
Midlands,2020-09-04,0.000647452720770044
Midlands,2020-09-05,0.000719682746135315
Midlands,2020-09-06,0.00079996599721638
Midlands,2020-09-07,0.000889198999568182
Midlands,2020-09-08,0.000988377737753611
Midlands,2020-09-09,0.00109860860469681
Midlands,2020-09-10,0.00122112053623691
Midlands,2020-09-11,0.00135727845436343
Midlands,2020-09-12,0.00150859815432691
Midlands,2020-09-13,0.00167676278335795
Midlands,2020-09-14,0.00186364107207756
Midlands,2020-09-15,0.0020713074937974
Midlands,2020-09-16,0.00230206454171313
Midlands,2020-09-17,0.00255846732936381
Midlands,2020-09-18,0.00284335073548614
Midlands,2020-09-19,0.00315985933028172
Midlands,2020-09-20,0.00351148033579537
Midlands,2020-09-21,0.00390207988811584
Midlands,2020-09-22,0.00433594288285984
Midlands,2020-09-23,0.00481781669711565
Midlands,2020-09-24,0.00535295908972114
Midlands,2020-09-25,0.00594719058619488
Midlands,2020-09-26,0.00660695165328008
Midlands,2020-09-27,0.00733936495898259
Midlands,2020-09-28,0.0081523029948316
Midlands,2020-09-29,0.00905446130499767
Midlands,2020-09-30,0.0100554375184039
Midlands,2020-10-01,0.0111658163109184
Midlands,2020-10-02,0.0123972603302052
Midlands,2020-10-03,0.0137626069900782
Midlands,2020-10-04,0.0152759708775656
Midlands,2020-10-05,0.016952851306731
Midlands,2020-10-06,0.0188102442900332
Midlands,2020-10-07,0.0208667578712089
Midlands,2020-10-08,0.0231427293632244
Midlands,2020-10-09,0.0256603425502849
Midlands,2020-10-10,0.0284437423339493
Midlands,2020-10-11,0.03151914362072
Midlands,2020-10-12,0.034914930454816
Midlands,2020-10-13,0.0386617404915135
Midlands,2020-10-14,0.0427925288853632
Midlands,2020-10-15,0.0473426045438157
Midlands,2020-10-16,0.052349630491612
Midlands,2020-10-17,0.0578535788409964
Midlands,2020-10-18,0.0638966296227741
Midlands,2020-10-19,0.0705230015823472
Midlands,2020-10-20,0.0777787020897073
Midlands,2020-10-21,0.0857111826905468
Midlands,2020-10-22,0.0943688867073754
Midlands,2020-10-23,0.103800675886137
Midlands,2020-10-24,0.114055124601762
Midlands,2020-10-25,0.125179672824759
Midlands,2020-10-26,0.137219633142421
Midlands,2020-10-27,0.150217052818334
Midlands,2020-10-28,0.164209439282939
Midlands,2020-10-29,0.17922836657463
Midlands,2020-10-30,0.19529799091976
Midlands,2020-10-31,0.21243351545222
Midlands,2020-11-01,0.230639656367271
Midlands,2020-11-02,0.249909174640364
Midlands,2020-11-03,0.270221547622527
Midlands,2020-11-04,0.291541861964525
Midlands,2020-11-05,0.313820011974661
Midlands,2020-11-06,0.336990284349049
Midlands,2020-11-07,0.360971400233292
Midlands,2020-11-08,0.385667068351951
Midlands,2020-11-09,0.410967078814538
Midlands,2020-11-10,0.436748937400496
Midlands,2020-11-11,0.46288000675679
Midlands,2020-11-12,0.489220086865953
Midlands,2020-11-13,0.515624335653792
Midlands,2020-11-14,0.54194640501723
Midlands,2020-11-15,0.568041650723277
Midlands,2020-11-16,0.593770268526011
Midlands,2020-11-17,0.619000214224984
Midlands,2020-11-18,0.643609781659904
Midlands,2020-11-19,0.667489737964753
Midlands,2020-11-20,0.690544946987912
Midlands,2020-11-21,0.712695446287096
Midlands,2020-11-22,0.733876977142104
Midlands,2020-11-23,0.754040997603232
Midlands,2020-11-24,0.773154233448818
Midlands,2020-11-25,0.791197839714048
Midlands,2020-11-26,0.808166255760499
Midlands,2020-11-27,0.824065840085891
Midlands,2020-11-28,0.838913368243547
Midlands,2020-11-29,0.852734469738778
Midlands,2020-11-30,0.865562069115872
Midlands,2020-12-01,0.877434884104765
Midlands,2020-12-02,0.88839602092143
Midlands,2020-12-03,0.898491694596333
Midlands,2020-12-04,0.90777009122833
Midlands,2020-12-05,0.916280379733739
Midlands,2020-12-06,0.924071873151222
Midlands,2020-12-07,0.931193333858425
Midlands,2020-12-08,0.937692413015752
Midlands,2020-12-09,0.943615211959555
Midlands,2020-12-10,0.949005951870277
Midlands,2020-12-11,0.953906737585562
Midlands,2020-12-12,0.95835740167564
Midlands,2020-12-13,0.962395415638843
Midlands,2020-12-14,0.966055856133954
Midlands,2020-12-15,0.969371415403315
Midlands,2020-12-16,0.972372446349423
Midlands,2020-12-17,0.975087034030332
Midlands,2020-12-18,0.977541086581965
Midlands,2020-12-19,0.979758439724433
Midlands,2020-12-20,0.981760970045595
Midlands,2020-12-21,0.983568713170611
Midlands,2020-12-22,0.985199983721081
Midlands,2020-12-23,0.986671494646959
Midlands,2020-12-24,0.987998474087409
Midlands,2020-12-25,0.989194778393546
Midlands,2020-12-26,0.990273000337681
Midlands,2020-12-27,0.991244571851478
Midlands,2020-12-28,0.992119860889711
Midlands,2020-12-29,0.992908262216989
Midlands,2020-12-30,0.993618282070528
Midlands,2020-12-31,0.99425761677064
Midlands,2021-01-01,0.994833225438654
Midlands,2021-01-02,0.995351397045444
Midlands,2021-01-03,0.995817812057252
Midlands,2021-01-04,0.996237598973412
North East and Yorkshire,2020-08-01,6.8943713388753e-06
North East and Yorkshire,2020-08-02,7.66363650172915e-06
North East and Yorkshire,2020-08-03,8.51875415484172e-06
North East and Yorkshire,2020-08-04,9.46930773244385e-06
North East and Yorkshire,2020-08-05,1.05259506401238e-05
North East and Yorkshire,2020-08-06,1.17005257326213e-05
North East and Yorkshire,2020-08-07,1.30061981337998e-05
North East and Yorkshire,2020-08-08,1.44576028885249e-05
North East and Yorkshire,2020-08-09,1.60710091024243e-05
North East and Yorkshire,2020-08-10,1.78645024102767e-05
North East and Yorkshire,2020-08-11,1.98581878191318e-05
North East and Yorkshire,2020-08-12,2.20744152004934e-05
North East and Yorkshire,2020-08-13,2.45380299595231e-05
North East and Yorkshire,2020-08-14,2.7276651691078e-05
North East and Yorkshire,2020-08-15,3.03209839455896e-05
North East and Yorkshire,2020-08-16,3.37051585757985e-05
North East and Yorkshire,2020-08-17,3.74671185220217e-05
North East and Yorkshire,2020-08-18,4.16490433232109e-05
North East and Yorkshire,2020-08-19,4.62978221182846e-05
North East and Yorkshire,2020-08-20,5.14655794323256e-05
North East and Yorkshire,2020-08-21,5.72102596310265e-05
North East and Yorkshire,2020-08-22,6.35962765806695e-05
North East and Yorkshire,2020-08-23,7.06952357770437e-05
North East and Yorkshire,2020-08-24,7.85867370129139e-05
North East and Yorkshire,2020-08-25,8.73592665486408e-05
North East and Yorkshire,2020-08-26,9.71111887439341e-05
North East and Yorkshire,2020-08-27,0.000107951848211094
North East and Yorkshire,2020-08-28,0.000120002794773174
North East and Yorkshire,2020-08-29,0.000133399144867159
North East and Yorkshire,2020-08-30,0.000148291094536714
North East and Yorkshire,2020-08-31,0.000164845600826891
North East and Yorkshire,2020-09-01,0.000183248250241566
North East and Yorkshire,2020-09-02,0.000203705334972063
North East and Yorkshire,2020-09-03,0.000226446159872975
North East and Yorkshire,2020-09-04,0.000251725605671086
North East and Yorkshire,2020-09-05,0.000279826976669953
North East and Yorkshire,2020-09-06,0.00031106516428273
North East and Yorkshire,2020-09-07,0.000345790161118
North East and Yorkshire,2020-09-08,0.000384390964088762
North East and Yorkshire,2020-09-09,0.00042729990914673
North East and Yorkshire,2020-09-10,0.000474997484798374
North East and Yorkshire,2020-09-11,0.000528017676573712
North East and Yorkshire,2020-09-12,0.000586953900133578
North East and Yorkshire,2020-09-13,0.00065246558675801
North East and Yorkshire,2020-09-14,0.000725285491600543
North East and Yorkshire,2020-09-15,0.000806227802364758
North East and Yorkshire,2020-09-16,0.000896197134004438
North East and Yorkshire,2020-09-17,0.000996198503710036
North East and Yorkshire,2020-09-18,0.00110734838986217
North East and Yorkshire,2020-09-19,0.00123088698884323
North East and Yorkshire,2020-09-20,0.00136819179462971
North East and Yorkshire,2020-09-21,0.00152079263795791
North East and Yorkshire,2020-09-22,0.00169038833456951
North East and Yorkshire,2020-09-23,0.00187886510558234
North East and Yorkshire,2020-09-24,0.00208831694735552
North East and Yorkshire,2020-09-25,0.00232106814324706
North East and Yorkshire,2020-09-26,0.00257969812527559
North East and Yorkshire,2020-09-27,0.00286706890971394
North East and Yorkshire,2020-09-28,0.00318635534680996
North East and Yorkshire,2020-09-29,0.00354107844080166
North East and Yorkshire,2020-09-30,0.00393514201171113
North East and Yorkshire,2020-10-01,0.0043728729844611
North East and Yorkshire,2020-10-02,0.00485906560288155
North East and Yorkshire,2020-10-03,0.00539902987516829
North East and Yorkshire,2020-10-04,0.00599864456206741
North East and Yorkshire,2020-10-05,0.00666441501792061
North East and Yorkshire,2020-10-06,0.00740353618577103
North East and Yorkshire,2020-10-07,0.00822396102860739
North East and Yorkshire,2020-10-08,0.00913447464659811
North East and Yorkshire,2020-10-09,0.0101447742813111
North East and Yorkshire,2020-10-10,0.0112655553382018
North East and Yorkshire,2020-10-11,0.0125086034630647
North East and Yorkshire,2020-10-12,0.0138868925807845
North East and Yorkshire,2020-10-13,0.0154146886387519
North East and Yorkshire,2020-10-14,0.0171076585848851
North East and Yorkshire,2020-10-15,0.0189829838424973
North East and Yorkshire,2020-10-16,0.0210594772115244
North East and Yorkshire,2020-10-17,0.0233577017173983
North East and Yorkshire,2020-10-18,0.0259000894342119
North East and Yorkshire,2020-10-19,0.0287110577170018
North East and Yorkshire,2020-10-20,0.0318171195790802
North East and Yorkshire,2020-10-21,0.035246984136553
North East and Yorkshire,2020-10-22,0.0390316421092204
North East and Yorkshire,2020-10-23,0.0432044303163915
North East and Yorkshire,2020-10-24,0.0478010679474931
North East and Yorkshire,2020-10-25,0.052859656142042
North East and Yorkshire,2020-10-26,0.0584206311183846
North East and Yorkshire,2020-10-27,0.0645266598023083
North East and Yorkshire,2020-10-28,0.0712224657065404
North East and Yorkshire,2020-10-29,0.0785545718107979
North East and Yorkshire,2020-10-30,0.086570946532924
North East and Yorkshire,2020-10-31,0.0953205387431183
North East and Yorkshire,2020-11-01,0.104852688367415
North East and Yorkshire,2020-11-02,0.115216400693166
North East and Yorkshire,2020-11-03,0.126459475283166
North East and Yorkshire,2020-11-04,0.138627484674832
North East and Yorkshire,2020-11-05,0.15176260399779
North East and Yorkshire,2020-11-06,0.165902300419261
North East and Yorkshire,2020-11-07,0.181077900923605
North East and Yorkshire,2020-11-08,0.197313068164885
North East and Yorkshire,2020-11-09,0.214622226571762
North East and Yorkshire,2020-11-10,0.233008993819007
North East and Yorkshire,2020-11-11,0.252464685192328
North East and Yorkshire,2020-11-12,0.272966968965383
North East and Yorkshire,2020-11-13,0.294478758179066
North East and Yorkshire,2020-11-14,0.316947426600364
North East and Yorkshire,2020-11-15,0.340304432717476
North East and Yorkshire,2020-11-16,0.364465424360167
North East and Yorkshire,2020-11-17,0.389330877521023
North East and Yorkshire,2020-11-18,0.414787296654357
North East and Yorkshire,2020-11-19,0.440708971589651
North East and Yorkshire,2020-11-20,0.466960250626374
North East and Yorkshire,2020-11-21,0.493398253564547
North East and Yorkshire,2020-11-22,0.519875915975536
North East and Yorkshire,2020-11-23,0.546245230469334
North East and Yorkshire,2020-11-24,0.572360535013521
North East and Yorkshire,2020-11-25,0.598081694387139
North East and Yorkshire,2020-11-26,0.623277029113841
North East and Yorkshire,2020-11-27,0.647825865750343
North East and Yorkshire,2020-11-28,0.671620610935196
North East and Yorkshire,2020-11-29,0.694568285915101
North East and Yorkshire,2020-11-30,0.716591494707303
North East and Yorkshire,2020-12-01,0.737628834065631
North East and Yorkshire,2020-12-02,0.757634783987271
North East and Yorkshire,2020-12-03,0.776579141492926
North East and Yorkshire,2020-12-04,0.794446076712374
North East and Yorkshire,2020-12-05,0.811232898768688
North East and Yorkshire,2020-12-06,0.826948620249898
North East and Yorkshire,2020-12-07,0.841612404429071
North East and Yorkshire,2020-12-08,0.855251970388277
North East and Yorkshire,2020-12-09,0.867902019425523
North East and Yorkshire,2020-12-10,0.879602733056123
North East and Yorkshire,2020-12-11,0.890398379791025
North East and Yorkshire,2020-12-12,0.900336055607252
North East and Yorkshire,2020-12-13,0.909464572229284
North East and Yorkshire,2020-12-14,0.917833498343274
North East and Yorkshire,2020-12-15,0.925492351767398
North East and Yorkshire,2020-12-16,0.93248993533139
North East and Yorkshire,2020-12-17,0.938873805595107
North East and Yorkshire,2020-12-18,0.944689861316972
North East and Yorkshire,2020-12-19,0.949982037503219
North East and Yorkshire,2020-12-20,0.954792090668159
North East and Yorkshire,2020-12-21,0.959159461377826
North East and Yorkshire,2020-12-22,0.963121201030671
North East and Yorkshire,2020-12-23,0.966711950982614
North East and Yorkshire,2020-12-24,0.969963963418491
North East and Yorkshire,2020-12-25,0.972907154709359
North East and Yorkshire,2020-12-26,0.975569183304968
North East and Yorkshire,2020-12-27,0.977975545445745
North East and Yorkshire,2020-12-28,0.980149683110045
North East and Yorkshire,2020-12-29,0.982113099625223
North East and Yorkshire,2020-12-30,0.98388547926033
North East and Yorkshire,2020-12-31,0.985484807886298
North East and Yorkshire,2021-01-01,0.986927492442986
North East and Yorkshire,2021-01-02,0.988228477501113
North East and Yorkshire,2021-01-03,0.989401357661795
North East and Yorkshire,2021-01-04,0.990458484908547
North West,2020-08-01,1.45739584823804e-05
North West,2020-08-02,1.61998120920832e-05
North West,2020-08-03,1.800708297794e-05
North West,2020-08-04,2.0016018109864e-05
North West,2020-08-05,2.22491244462082e-05
North West,2020-08-06,2.47314212098517e-05
North West,2020-08-07,2.74907203210579e-05
North West,2020-08-08,3.05579381279277e-05
North West,2020-08-09,3.39674419251115e-05
North West,2020-08-10,3.77574351401221e-05
North West,2020-08-11,4.19703854983827e-05
North West,2020-08-12,4.66535009577995e-05
North West,2020-08-13,5.18592587364156e-05
North West,2020-08-14,5.76459933484078e-05
North West,2020-08-15,6.40785502207741e-05
North West,2020-08-16,7.12290121926555e-05
North West,2020-08-17,7.91775070092345e-05
North West,2020-08-18,8.80131048212594e-05
North West,2020-08-19,9.78348156991031e-05
North West,2020-08-20,0.000108752698277481
North West,2020-08-21,0.000120889091875267
North West,2020-08-22,0.000134379985797125
North West,2020-08-23,0.000149376541034193
North West,2020-08-24,0.0001660467812553
North West,2020-08-25,0.000184577471835429
North West,2020-08-26,0.000205176207723029
North West,2020-08-27,0.000228073733222834
North West,2020-08-28,0.000253526519288576
North West,2020-08-29,0.000281819626704541
North West,2020-08-30,0.000313269886612996
North West,2020-08-31,0.000348229433244522
North West,2020-09-01,0.000387089627461187
North West,2020-09-02,0.000430285413861286
North West,2020-09-03,0.000478300158754407
North West,2020-09-04,0.000531671021334217
North West,2020-09-05,0.000590994915892982
North West,2020-09-06,0.000656935128977445
North West,2020-09-07,0.000730228662022401
North West,2020-09-08,0.000811694377258954
North West,2020-09-09,0.000902242032621307
North West,2020-09-10,0.00100288230001001
North West,2020-09-11,0.00111473787064848
North West,2020-09-12,0.00123905576142596
North West,2020-09-13,0.00137722094707874
North West,2020-09-14,0.0015307714548353
North West,2020-09-15,0.0017014150707388
North West,2020-09-16,0.00189104782023765
North West,2020-09-17,0.00210177439975131
North West,2020-09-18,0.00233593075068573
North West,2020-09-19,0.00259610898265657
North West,2020-09-20,0.00288518486828333
North West,2020-09-21,0.00320634814757379
North West,2020-09-22,0.00356313589525906
North West,2020-09-23,0.00395946921898195
North West,2020-09-24,0.00439969356935445
North West,2020-09-25,0.00488862295377342
North West,2020-09-26,0.00543158835348914
North West,2020-09-27,0.00603449064646482
North West,2020-09-28,0.00670385833543546
North West,2020-09-29,0.00744691036927987
North West,2020-09-30,0.00827162432392447
North West,2020-10-01,0.0091868101735395
North West,2020-10-02,0.0102021898302061
North West,2020-10-03,0.0113284825562748
North West,2020-10-04,0.0125774962532868
North West,2020-10-05,0.0139622244987238
North West,2020-10-06,0.0154969490302415
North West,2020-10-07,0.0171973471587447
North West,2020-10-08,0.0190806033181208
North West,2020-10-09,0.0211655236213225
North West,2020-10-10,0.0234726518798817
North West,2020-10-11,0.0260243850467598
North West,2020-10-12,0.0288450854510231
North West,2020-10-13,0.0319611864987253
North West,2020-10-14,0.0354012877115948
North West,2020-10-15,0.0391962340616735
North West,2020-10-16,0.043379173540052
North West,2020-10-17,0.0479855857840933
North West,2020-10-18,0.0530532734046451
North West,2020-10-19,0.0586223064427807
North West,2020-10-20,0.0647349092040783
North West,2020-10-21,0.0714352776503412
North West,2020-10-22,0.0787693146841535
North West,2020-10-23,0.0867842701806788
North West,2020-10-24,0.0955282726739274
North West,2020-10-25,0.105049740389249
North West,2020-10-26,0.115396661048288
North West,2020-10-27,0.126615732781957
North West,2020-10-28,0.13875136278169
North West,2020-10-29,0.151844526165741
North West,2020-10-30,0.165931495020222
North West,2020-10-31,0.181042456652167
North West,2020-11-01,0.197200050549037
North West,2020-11-02,0.214417864943995
North West,2020-11-03,0.232698945560223
North West,2020-11-04,0.252034380118532
North West,2020-11-05,0.272402031384232
North West,2020-11-06,0.293765497595858
North West,2020-11-07,0.316073380728425
North West,2020-11-08,0.339258939010696
North West,2020-11-09,0.363240189598497
North West,2020-11-10,0.387920510013591
North West,2020-11-11,0.41318976332044
North West,2020-11-12,0.438925943278546
North West,2020-11-13,0.464997303923024
North West,2020-11-14,0.491264905886639
North West,2020-11-15,0.517585482343747
North West,2020-11-16,0.54381450377342
North West,2020-11-17,0.56980930540424
North West,2020-11-18,0.595432135981135
North West,2020-11-19,0.620552992033815
North West,2020-11-20,0.645052117549123
North West,2020-11-21,0.668822073134023
North West,2020-11-22,0.691769308797576
North West,2020-11-23,0.713815207280077
North West,2020-11-24,0.734896597260102
North West,2020-11-25,0.754965764972773
North West,2020-11-26,0.773990016635581
North West,2020-11-27,0.791950861299726
North West,2020-11-28,0.80884289388951
North West,2020-11-29,0.824672461593532
North West,2020-11-30,0.839456194349912
North West,2020-12-01,0.853219473208616
North West,2020-12-02,0.865994900286716
North West,2020-12-03,0.877820822245809
North West,2020-12-04,0.888739946928555
North West,2020-12-05,0.898798080954643
North West,2020-12-06,0.908043005377227
North West,2020-12-07,0.916523497353112
North West,2020-12-08,0.924288498367872
North West,2020-12-09,0.931386423885364
North West,2020-12-10,0.937864605237442
North West,2020-12-11,0.943768851934223
North West,2020-12-12,0.949143121119835
North West,2020-12-13,0.954029280378342
North West,2020-12-14,0.958466950277681
North West,2020-12-15,0.962493413721084
North West,2020-12-16,0.966143580182623
North West,2020-12-17,0.969449994097388
North West,2020-12-18,0.972442877950437
North West,2020-12-19,0.97515020188356
North West,2020-12-20,0.977597772860536
North West,2020-12-21,0.979809337564945
North West,2020-12-22,0.981806694229498
North West,2020-12-23,0.983609809503695
North West,2020-12-24,0.985236937256393
North West,2020-12-25,0.986704736886481
North West,2020-12-26,0.98802838928622
North West,2020-12-27,0.989221709078007
North West,2020-12-28,0.99029725213716
North West,2020-12-29,0.99126641773161
North West,2020-12-30,0.992139544864539
North West,2020-12-31,0.992926002607576
North West,2021-01-01,0.993634274368939
North West,2021-01-02,0.994272036160388
North West,2021-01-03,0.99484622901595
North West,2021-01-04,0.995363125779564
South East,2020-08-01,4.98244606600176e-05
South East,2020-08-02,5.53848151968102e-05
South East,2020-08-03,6.15658041584133e-05
South East,2020-08-04,6.84367080351808e-05
South East,2020-08-05,7.60745405398451e-05
South East,2020-08-06,8.45649114715888e-05
South East,2020-08-07,9.40029857537707e-05
South East,2020-08-08,0.000104494549337435
South East,2020-08-09,0.00011615719384469
South East,2020-08-10,0.000129121633137028
South East,2020-08-11,0.000143533166447384
South East,2020-08-12,0.000159553304326219
South East,2020-08-13,0.000177361575437737
South East,2020-08-14,0.000197157534220559
South East,2020-08-15,0.000219162991617661
South East,2020-08-16,0.000243624493504719
South East,2020-08-17,0.000270816074127771
South East,2020-08-18,0.000301042314825915
South East,2020-08-19,0.000334641741590251
South East,2020-08-20,0.000371990598626428
South East,2020-08-21,0.00041350703907695
South East,2020-08-22,0.000459655778455181
South East,2020-08-23,0.000510953261182154
South East,2020-08-24,0.000567973395938112
South East,2020-08-25,0.000631353921383348
South East,2020-08-26,0.000701803470208507
South East,2020-08-27,0.000780109406485227
South East,2020-08-28,0.00086714651894557
South East,2020-08-29,0.000963886661163854
South East,2020-08-30,0.00107140943868507
South East,2020-08-31,0.00119091405297346
South East,2020-09-01,0.00132373242266906
South East,2020-09-02,0.00147134371405503
South East,2020-09-03,0.00163539042485567
South East,2020-09-04,0.00181769617848607
South East,2020-09-05,0.00202028539961534
South East,2020-09-06,0.00224540505630806
South East,2020-09-07,0.00249554866895107
South East,2020-09-08,0.00277348280147681
South East,2020-09-09,0.00308227626581118
South East,2020-09-10,0.0034253322856648
South East,2020-09-11,0.00380642388030244
South East,2020-09-12,0.00422973274217931
South East,2020-09-13,0.0046998918935695
South East,2020-09-14,0.00522203241556966
South East,2020-09-15,0.00580183454692978
South East,2020-09-16,0.00644558344853211
South East,2020-09-17,0.00716022992014378
South East,2020-09-18,0.00795345633701875
South East,2020-09-19,0.00883374804224178
South East,2020-09-20,0.00981047038304135
South East,2020-09-21,0.0108939515116534
South East,2020-09-22,0.0120955709789698
South East,2020-09-23,0.0134278540266382
South East,2020-09-24,0.0149045713241224
South East,2020-09-25,0.0165408436942495
South East,2020-09-26,0.0183532511158674
South East,2020-09-27,0.0203599449765851
South East,2020-09-28,0.0225807621627617
South East,2020-09-29,0.0250373391083576
South East,2020-09-30,0.0277532233696562
South East,2020-10-01,0.0307539796410071
South East,2020-10-02,0.0340672863715733
South East,2020-10-03,0.0377230182821444
South East,2020-10-04,0.0417533091174355
South East,2020-10-05,0.0461925879137874
South East,2020-10-06,0.0510775809363633
South East,2020-10-07,0.0564472702793059
South East,2020-10-08,0.0623427989799918
South East,2020-10-09,0.0688073114489472
South East,2020-10-10,0.0758857171593469
South East,2020-10-11,0.0836243650007868
South East,2020-10-12,0.0920706156356896
South East,2020-10-13,0.101272299783895
South East,2020-10-14,0.111277051802319
South East,2020-10-15,0.122131510431356
South East,2020-10-16,0.133880382347813
South East,2020-10-17,0.146565369360657
South East,2020-10-18,0.160223966807717
South East,2020-10-19,0.174888148948584
South East,2020-10-20,0.190582966741372
South East,2020-10-21,0.207325093988682
South East,2020-10-22,0.225121368870363
South East,2020-10-23,0.243967388544125
South East,2020-10-24,0.263846223772318
South East,2020-10-25,0.284727327248329
South East,2020-10-26,0.306565712215708
South East,2020-10-27,0.329301475948858
South East,2020-10-28,0.352859734807269
South East,2020-10-29,0.377151023442699
South East,2020-10-30,0.40207219049865
South East,2020-10-31,0.427507797684001
South East,2020-11-01,0.45333200006006
South East,2020-11-02,0.479410855033458
South East,2020-11-03,0.505604978611963
South East,2020-11-04,0.531772442792463
South East,2020-11-05,0.557771790094093
South East,2020-11-06,0.583465032187853
South East,2020-11-07,0.608720500352843
South East,2020-11-08,0.633415426069782
South East,2020-11-09,0.657438149319936
South East,2020-11-10,0.680689878046574
South East,2020-11-11,0.703085952090252
South East,2020-11-12,0.724556595819689
South East,2020-11-13,0.74504717287962
South East,2020-11-14,0.76451798166788
South East,2020-11-15,0.782943649728181
South East,2020-11-16,0.800312198379151
South East,2020-11-17,0.81662385552613
South East,2020-11-18,0.831889695283635
South East,2020-11-19,0.846130178784409
South East,2020-11-20,0.859373662623335
South East,2020-11-21,0.871654931097762
South East,2020-11-22,0.883013796986283
South East,2020-11-23,0.893493804090807
South East,2020-11-24,0.903141053943231
South East,2020-11-25,0.912003169485552
South East,2020-11-26,0.92012840047401
South East,2020-11-27,0.927564868941708
South East,2020-11-28,0.934359948239837
South East,2020-11-29,0.940559765823713
South East,2020-11-30,0.946208817855796
South East,2020-12-01,0.951349682637991
South East,2020-12-02,0.956022819634011
South East,2020-12-03,0.960266441190296
South East,2020-12-04,0.964116444828111
South East,2020-12-05,0.967606395007936
South East,2020-12-06,0.970767544439024
South East,2020-12-07,0.97362888622976
South East,2020-12-08,0.976217229381415
South East,2020-12-09,0.978557291273175
South East,2020-12-10,0.980671801841221
South East,2020-12-11,0.982581615103419
South East,2020-12-12,0.984305824517769
South East,2020-12-13,0.985861879387995
South East,2020-12-14,0.987265700148939
South East,2020-12-15,0.988531790885957
South East,2020-12-16,0.989673347875987
South East,2020-12-17,0.990702363293752
South East,2020-12-18,0.991629723514745
South East,2020-12-19,0.992465301677015
South East,2020-12-20,0.993218044345174
South East,2020-12-21,0.993896052260466
South East,2020-12-22,0.994506655267366
South East,2020-12-23,0.995056481585928
South East,2020-12-24,0.995551521655525
South East,2020-12-25,0.995997186813868
South East,2020-12-26,0.996398363099274
South East,2020-12-27,0.996759460476962
South East,2020-12-28,0.997084457794414
South East,2020-12-29,0.99737694376852
South East,2020-12-30,0.997640154300094
South East,2020-12-31,0.997877006400743
South East,2021-01-01,0.998090129004035
South East,2021-01-02,0.998281890918394
South East,2021-01-03,0.998454426163665
South East,2021-01-04,0.998609656917529
South West,2020-08-01,5.29859032691362e-06
South West,2020-08-02,5.88982029648319e-06
South West,2020-08-03,6.5470357481303e-06
South West,2020-08-04,7.27760270682637e-06
South West,2020-08-05,8.08970963743198e-06
South West,2020-08-06,8.99245928790065e-06
South West,2020-08-07,9.99597078974225e-06
South West,2020-08-08,1.11114931612398e-05
South West,2020-08-09,1.23515314867916e-05
South West,2020-08-10,1.37299871878892e-05
South West,2020-08-11,1.52623139592287e-05
South West,2020-08-12,1.69656911190482e-05
South West,2020-08-13,1.88592163179483e-05
South West,2020-08-14,2.09641197673535e-05
South West,2020-08-15,2.33040023898259e-05
South West,2020-08-16,2.5905100561327e-05
South West,2020-08-17,2.87965804132052e-05
South West,2020-08-18,3.20108649924706e-05
South West,2020-08-19,3.55839979464558e-05
South West,2020-08-20,3.95560478063147e-05
South West,2020-08-21,4.39715573974724e-05
South West,2020-08-22,4.88800434091005e-05
South West,2020-08-23,5.43365517144716e-05
South West,2020-08-24,6.0402274655765e-05
South West,2020-08-25,6.71452371973279e-05
South West,2020-08-26,7.46410596180298e-05
South West,2020-08-27,8.29738052644803e-05
South West,2020-08-28,9.22369228316615e-05
South West,2020-08-29,0.000102534293686079
South West,2020-08-30,0.000113981395910019
South West,2020-08-31,0.000126706598036215
South West,2020-09-01,0.000140852596873761
South West,2020-09-02,0.000156578015413301
South West,2020-09-03,0.000174059178558887
South West,2020-09-04,0.000193492086383224
South West,2020-09-05,0.000215094606762217
South West,2020-09-06,0.000239108911635117
South West,2020-09-07,0.000265804183781761
South West,2020-09-08,0.000295479623933848
South West,2020-09-09,0.000328467791270697
South West,2020-09-10,0.00036513831392133
South West,2020-09-11,0.000405902010036386
South West,2020-09-12,0.000451215464339795
South West,2020-09-13,0.000501586109858185
South West,2020-09-14,0.00055757786979467
South West,2020-09-15,0.000619817420303948
South West,2020-09-16,0.000689001141280031
South West,2020-09-17,0.000765902829230167
South West,2020-09-18,0.000851382253922667
South West,2020-09-19,0.00094639464880587
South West,2020-09-20,0.0010520012342421
South West,2020-09-21,0.00116938088242203
South West,2020-09-22,0.00129984304345362
South West,2020-09-23,0.00144484206357911
South West,2020-09-24,0.0016059930387737
South West,2020-09-25,0.00178508936011501
South West,2020-09-26,0.00198412212125247
South West,2020-09-27,0.00220530157299023
South West,2020-09-28,0.0024510808253266
South West,2020-09-29,0.00272418201311389
South West,2020-09-30,0.00302762515759886
South West,2020-10-01,0.00336475997217527
South West,2020-10-02,0.00373930087632189
South West,2020-10-03,0.00415536549637924
South West,2020-10-04,0.00461751694484421
South West,2020-10-05,0.00513081018034432
South West,2020-10-06,0.00570084275726797
South West,2020-10-07,0.00633381027575678
South West,2020-10-08,0.00703656683765156
South West,2020-10-09,0.00781669079984962
South West,2020-10-10,0.00868255609071718
South West,2020-10-11,0.00964340931447827
South West,2020-10-12,0.0107094528089826
South West,2020-10-13,0.0118919337393074
South West,2020-10-14,0.0132032391978026
South West,2020-10-15,0.0146569971340612
South West,2020-10-16,0.0162681827485318
South West,2020-10-17,0.0180532297427434
South West,2020-10-18,0.0200301455180793
South West,2020-10-19,0.0222186290435974
South West,2020-10-20,0.0246401896608474
South West,2020-10-21,0.0273182645491493
South West,2020-10-22,0.0302783319280531
South West,2020-10-23,0.033548016315883
South West,2020-10-24,0.0371571812884094
South West,2020-10-25,0.0411380041884814
South West,2020-10-26,0.0455250261316403
South West,2020-10-27,0.0503551694500663
South West,2020-10-28,0.0556677134470552
South West,2020-10-29,0.0615042180437262
South West,2020-10-30,0.067908383658325
South West,2020-10-31,0.0749258345627955
South West,2020-11-01,0.0826038121388398
South West,2020-11-02,0.0909907640680031
South West,2020-11-03,0.100135815733107
South West,2020-11-04,0.110088111207816
South West,2020-11-05,0.120896013414387
South West,2020-11-06,0.132606156587711
South West,2020-11-07,0.145262349324853
South West,2020-11-08,0.158904333392438
South West,2020-11-09,0.173566412172313
South West,2020-11-10,0.189275973052189
South West,2020-11-11,0.206051939900078
South West,2020-11-12,0.223903204422733
South West,2020-11-13,0.242827097828636
South West,2020-11-14,0.26280797563519
South West,2020-11-15,0.2838159972796
South West,2020-11-16,0.305806186888112
South West,2020-11-17,0.328717860648061
South West,2020-11-18,0.352474498498677
South West,2020-11-19,0.376984122613557
South West,2020-11-20,0.402140222444246
South West,2020-11-21,0.427823236902159
South West,2020-11-22,0.453902570512867
South West,2020-11-23,0.480239084878824
South West,2020-11-24,0.506687972911884
South West,2020-11-25,0.533101894585496
South West,2020-11-26,0.559334232609714
South West,2020-11-27,0.585242316821643
South West,2020-11-28,0.61069046836794
South West,2020-11-29,0.635552728684763
South West,2020-11-30,0.659715162234523
South West,2020-12-01,0.683077653210582
South West,2020-12-02,0.705555151567294
South West,2020-12-03,0.727078359203154
South West,2020-12-04,0.74759387967214
South West,2020-12-05,0.767063881881534
South West,2020-12-06,0.785465348243695
South West,2020-12-07,0.802788990058679
South West,2020-12-08,0.819037917774616
South West,2020-12-09,0.834226152148463
South West,2020-12-10,0.848377055588948
South West,2020-12-11,0.86152175266567
South West,2020-12-12,0.873697596442364
South West,2020-12-13,0.884946724282137
South West,2020-12-14,0.895314734147812
South West,2020-12-15,0.904849500944413
South West,2020-12-16,0.913600142592196
South West,2020-12-17,0.921616137492941
South West,2020-12-18,0.928946588876802
South West,2020-12-19,0.93563962706965
South West,2020-12-20,0.941741937792429
South West,2020-12-21,0.947298402943449
South West,2020-12-22,0.952351839661272
South West,2020-12-23,0.956942823573433
South West,2020-12-24,0.96110958278558
South West,2020-12-25,0.964887950172186
South West,2020-12-26,0.96831136274485
South West,2020-12-27,0.971410898182754
South West,2020-12-28,0.974215339927551
South West,2020-12-29,0.976751263512881
South West,2020-12-30,0.979043137978717
South West,2020-12-31,0.981113437290558
South West,2021-01-01,0.982982757633069
South West,2021-01-02,0.984669937275547
South West,2021-01-03,0.986192176417014
South West,2021-01-04,0.987565155019682
